n,tier,channel,title,status,quote,file
1,A,Infosys,"The Future of Customer Experience - Creativity, Trust & Technology | Davos 2026 (CMO Breakfast)",ok,Chat GPT는 사용하는 데이터 때문에 오류를 일으키기 때문에 우리 회사에서 기업용으로 사용이 금지되었습니다,"transcripts/channels/Infosys/The_Future_of_Customer_Experience_-_Creativity,_Trust_&_Tech__taeDyZI86h8.md"
1,A,Infosys,"The Future of Customer Experience - Creativity, Trust & Technology | Davos 2026 (CMO Breakfast)",ok,저희는 AI 위원회를 두고 있기 때문에 어떤 도구든 AI 위원회의 승인을 받기 전까지는 평가를 위해 도입될 수 없습니다,"transcripts/channels/Infosys/The_Future_of_Customer_Experience_-_Creativity,_Trust_&_Tech__taeDyZI86h8.md"
1,A,Infosys,"The Future of Customer Experience - Creativity, Trust & Technology | Davos 2026 (CMO Breakfast)",ok,"저희는 '인간 주도, AI 기반'이라는 모토를 가지고 있습니다","transcripts/channels/Infosys/The_Future_of_Customer_Experience_-_Creativity,_Trust_&_Tech__taeDyZI86h8.md"
1,A,Infosys,"The Future of Customer Experience - Creativity, Trust & Technology | Davos 2026 (CMO Breakfast)",ok,"하지만 가장 큰 저항이 보이는 곳이 바로 그곳이고, 가장 큰 두려움은 중간 계층에 있습니다","transcripts/channels/Infosys/The_Future_of_Customer_Experience_-_Creativity,_Trust_&_Tech__taeDyZI86h8.md"
1,A,Infosys,"The Future of Customer Experience - Creativity, Trust & Technology | Davos 2026 (CMO Breakfast)",ok,솔직히 저는 아직 AI에 대한 진정한 투자 수익률(ROI)이 뭔지도 잘 모르겠어요,"transcripts/channels/Infosys/The_Future_of_Customer_Experience_-_Creativity,_Trust_&_Tech__taeDyZI86h8.md"
1,A,Infosys,"The Future of Customer Experience - Creativity, Trust & Technology | Davos 2026 (CMO Breakfast)",ok,"하지만 여러분은 각자의 분야에서 이 새로운 기술에 대해 전혀 걱정하지 않으시는 것 같고, 저희가 질문을 드렸을 때도 그랬습니다.","transcripts/channels/Infosys/The_Future_of_Customer_Experience_-_Creativity,_Trust_&_Tech__taeDyZI86h8.md"
2,A,MIT Corporate Relations,Integrating Generative AI Into Business Strategy: Dr. George Westerman,ok,저는 15년 전에 디지털 전환에 대한 초기 연구를 진행했습니다,transcripts/2026-07-31/Integrating_Generative_AI_Into_Business_Strategy_Dr._George___9RvWcXVaAng.md
2,A,MIT Corporate Relations,Integrating Generative AI Into Business Strategy: Dr. George Westerman,ok,"보험 계약의 98%, 최초 보험금 청구 통지의 98%를 직접 처리하고, 다양한 AIS와 기존 시스템을 결합하여 50%의 보험금 청구를 자동으로 처리합니다.",transcripts/2026-07-31/Integrating_Generative_AI_Into_Business_Strategy_Dr._George___9RvWcXVaAng.md
2,A,MIT Corporate Relations,Integrating Generative AI Into Business Strategy: Dr. George Westerman,ok,제 친구인 다니엘 록은 GPT를 분석하여 매우 엄격한 과정을 통해 전체 직업의 46%가 시간이 지남에 따라 업무의 50%를 AI로 대체할 가능성이 높다고 계산했습니다.,transcripts/2026-07-31/Integrating_Generative_AI_Into_Business_Strategy_Dr._George___9RvWcXVaAng.md
2,A,MIT Corporate Relations,Integrating Generative AI Into Business Strategy: Dr. George Westerman,ok,하지만 그런 혁신은 발견하지 못했습니다.,transcripts/2026-07-31/Integrating_Generative_AI_Into_Business_Strategy_Dr._George___9RvWcXVaAng.md
2,A,MIT Corporate Relations,Integrating Generative AI Into Business Strategy: Dr. George Westerman,ok,저는 AI를 디지털 전환의 다음 단계라고 생각합니다.,transcripts/2026-07-31/Integrating_Generative_AI_Into_Business_Strategy_Dr._George___9RvWcXVaAng.md
2,A,MIT Corporate Relations,Integrating Generative AI Into Business Strategy: Dr. George Westerman,ok,"웨스터만의 법칙은 기술이 빠르게 변화하는 반면, 조직은 훨씬 느리게 변화한다는 겁니다.",transcripts/2026-07-31/Integrating_Generative_AI_Into_Business_Strategy_Dr._George___9RvWcXVaAng.md
3,A,Microsoft Azure,"Microsoft Digital Sovereignty Summit | Sovereign Cloud, AI & Security Highlights",ok,"왜냐하면 마레이케가 말했듯이, 없습니다. 모든 사람에게 맞는 단일 사이즈.","transcripts/channels/Microsoft_Azure/Microsoft_Digital_Sovereignty_Summit_Sovereign_Cloud,_AI_&_S__YLL7UuVCerM.md"
3,A,Microsoft Azure,"Microsoft Digital Sovereignty Summit | Sovereign Cloud, AI & Security Highlights",ok,"아주 간단히 말해서, 우리는 빠르게 혁신하고 싶습니다. 하지만 통제권을 포기하면서까지 그럴 수는 없다.","transcripts/channels/Microsoft_Azure/Microsoft_Digital_Sovereignty_Summit_Sovereign_Cloud,_AI_&_S__YLL7UuVCerM.md"
3,A,Microsoft Azure,"Microsoft Digital Sovereignty Summit | Sovereign Cloud, AI & Security Highlights",ok,이런 명령이라면 우리는 사실상 저항할 것이다. 소송을 포함한 모든 경로를 통한 명령 필요한 경우.,"transcripts/channels/Microsoft_Azure/Microsoft_Digital_Sovereignty_Summit_Sovereign_Cloud,_AI_&_S__YLL7UuVCerM.md"
3,A,Microsoft Azure,"Microsoft Digital Sovereignty Summit | Sovereign Cloud, AI & Security Highlights",ok,"상업적인 측면에서 보면, 우리는 0.0008%를 보고 있습니다.","transcripts/channels/Microsoft_Azure/Microsoft_Digital_Sovereignty_Summit_Sovereign_Cloud,_AI_&_S__YLL7UuVCerM.md"
3,A,Microsoft Azure,"Microsoft Digital Sovereignty Summit | Sovereign Cloud, AI & Security Highlights",ok,"예를 들어, 우리가 부조종사 기능을 출시하는 경우 회사 내 모든 분들께 대략 6,000명 정도입니다.","transcripts/channels/Microsoft_Azure/Microsoft_Digital_Sovereignty_Summit_Sovereign_Cloud,_AI_&_S__YLL7UuVCerM.md"
4,A,ServiceNow,The Blueprint for Agentic Business | ServiceNow Knowledge 2026 Day 2 Keynote,ok,"19%에 불과합니다. 하지만 실제로 성과를 내고 있는 기업들 , 즉 에이전트형 AI를 통해 2.5배 더 나은 결과를 얻고 있는 기업들은 거버넌스가 내장된 통합 플랫폼에서 운영되고 있습니다.",transcripts/channels/ServiceNow/The_Blueprint_for_Agentic_Business_ServiceNow_Knowledge_2026__q8kaVEkTWho.md
4,A,ServiceNow,The Blueprint for Agentic Business | ServiceNow Knowledge 2026 Day 2 Keynote,ok,ServiceNow에서는 IT 지원 요청의 90%가 자율적으로 처리됩니다,transcripts/channels/ServiceNow/The_Blueprint_for_Agentic_Business_ServiceNow_Knowledge_2026__q8kaVEkTWho.md
4,A,ServiceNow,The Blueprint for Agentic Business | ServiceNow Knowledge 2026 Day 2 Keynote,ok,"이것은 제품 선택의 문제가 아니라 운영 모델, 즉 사람들이 일하는 방식의 변화였습니다.",transcripts/channels/ServiceNow/The_Blueprint_for_Agentic_Business_ServiceNow_Knowledge_2026__q8kaVEkTWho.md
4,A,ServiceNow,The Blueprint for Agentic Business | ServiceNow Knowledge 2026 Day 2 Keynote,ok,저희는 서비스 센터 운영으로 걸려오는 전화 25만 5천 통을 줄이는 것에 대해 이야기하고 있습니다.,transcripts/channels/ServiceNow/The_Blueprint_for_Agentic_Business_ServiceNow_Knowledge_2026__q8kaVEkTWho.md
4,A,ServiceNow,The Blueprint for Agentic Business | ServiceNow Knowledge 2026 Day 2 Keynote,ok,"음, 신뢰야말로 CVS Health가 진정으로 가진 유일한 자본입니다.",transcripts/channels/ServiceNow/The_Blueprint_for_Agentic_Business_ServiceNow_Knowledge_2026__q8kaVEkTWho.md
5,A,메타코드M,"In the era of AI transformation (AX), we'll teach you everything about AX in just 30 minutes - [A...",ok,그래서 AI는 DT의 일환이었지만 현재는 고화도 되고 진능화되는 영역을 특화적으로 조금 더 특성적으로 어 말을 해 주고 있고요.,"transcripts/2026-07-18/In_the_era_of_AI_transformation_(AX),_we'll_teach_you_everyt__ErviFf8I6K4.md"
5,A,메타코드M,"In the era of AI transformation (AX), we'll teach you everything about AX in just 30 minutes - [A...",ok,AX는 DX의 단순한 확장이 아니라 비즈니스 패러다임의 근본전인 전환을 의미하고 있습니다.,"transcripts/2026-07-18/In_the_era_of_AI_transformation_(AX),_we'll_teach_you_everyt__ErviFf8I6K4.md"
5,A,메타코드M,"In the era of AI transformation (AX), we'll teach you everything about AX in just 30 minutes - [A...",ok,하지만 대부분 반 이상은 2번에서 3번에 머무고 있습니다.,"transcripts/2026-07-18/In_the_era_of_AI_transformation_(AX),_we'll_teach_you_everyt__ErviFf8I6K4.md"
5,A,메타코드M,"In the era of AI transformation (AX), we'll teach you everything about AX in just 30 minutes - [A...",partial,그래서 이 5대 요소는 독립적으로 보는게 아니라 순차적으로 하는 것도 아니고요. 병렬적이고 통합적으로 설계가 돼야 됩니다.,"transcripts/2026-07-18/In_the_era_of_AI_transformation_(AX),_we'll_teach_you_everyt__ErviFf8I6K4.md"
5,A,메타코드M,"In the era of AI transformation (AX), we'll teach you everything about AX in just 30 minutes - [A...",ok,어 뭐 제조 기업에서는 특히 공장에서 사람 대체나 노동역의 대체처럼만 보이기 때문에 굉장한 저항도 있고요.,"transcripts/2026-07-18/In_the_era_of_AI_transformation_(AX),_we'll_teach_you_everyt__ErviFf8I6K4.md"
6,A,"AI Adoption Services, Webinars, and Keynotes",The 7 Ways AI Adoption Fails in Enterprises — And How to Avoid Each One,ok,"그들의 대답은 ""법무팀에서 AI를 절대 사용하지 말라고 했습니다.""였습니다.",transcripts/2026-08-03/The_7_Ways_AI_Adoption_Fails_in_Enterprises_—_And_How_to_Avo__J8CR3dY5lbo.md
6,A,"AI Adoption Services, Webinars, and Keynotes",The 7 Ways AI Adoption Fails in Enterprises — And How to Avoid Each One,ok,법무팀이 향후 10년간의 전략을 사실상 좌우하고 있었다.,transcripts/2026-08-03/The_7_Ways_AI_Adoption_Fails_in_Enterprises_—_And_How_to_Avo__J8CR3dY5lbo.md
6,A,"AI Adoption Services, Webinars, and Keynotes",The 7 Ways AI Adoption Fails in Enterprises — And How to Avoid Each One,ok,"그들은 학습을 얻고, 당신은 청구서를 받습니다.",transcripts/2026-08-03/The_7_Ways_AI_Adoption_Fails_in_Enterprises_—_And_How_to_Avo__J8CR3dY5lbo.md
6,A,"AI Adoption Services, Webinars, and Keynotes",The 7 Ways AI Adoption Fails in Enterprises — And How to Avoid Each One,ok,감시는 인공지능 도입이 아닙니다.,transcripts/2026-08-03/The_7_Ways_AI_Adoption_Fails_in_Enterprises_—_And_How_to_Avo__J8CR3dY5lbo.md
6,A,"AI Adoption Services, Webinars, and Keynotes",The 7 Ways AI Adoption Fails in Enterprises — And How to Avoid Each One,ok,의도는 있지만 실행이 부실하다는 것이죠.,transcripts/2026-08-03/The_7_Ways_AI_Adoption_Fails_in_Enterprises_—_And_How_to_Avo__J8CR3dY5lbo.md
6,A,"AI Adoption Services, Webinars, and Keynotes",The 7 Ways AI Adoption Fails in Enterprises — And How to Avoid Each One,ok,"모두가 동일한 면허증을 가지고 있다면 , 면허증은 이점이 됩니다.",transcripts/2026-08-03/The_7_Ways_AI_Adoption_Fails_in_Enterprises_—_And_How_to_Avo__J8CR3dY5lbo.md
7,A,AI:ROI Conversations with Section,Closing the Enterprise AI ROI Gap,ok,There is ROI. Your employee is keeping the gain and the employer is not getting it yet.,transcripts/2026-08-03/Closing_the_Enterprise_AI_ROI_Gap__20lqu-d4cxc.md
7,A,AI:ROI Conversations with Section,Closing the Enterprise AI ROI Gap,ok,do not deploy AI like it's new productivity software that will fail,transcripts/2026-08-03/Closing_the_Enterprise_AI_ROI_Gap__20lqu-d4cxc.md
7,A,AI:ROI Conversations with Section,Closing the Enterprise AI ROI Gap,ok,the novelty fades and AI adoption starts to run into organizational antibodies that fight change,transcripts/2026-08-03/Closing_the_Enterprise_AI_ROI_Gap__20lqu-d4cxc.md
7,A,AI:ROI Conversations with Section,Closing the Enterprise AI ROI Gap,ok,the head of AI there talks about having about one agent or automation per employee at Maderna,transcripts/2026-08-03/Closing_the_Enterprise_AI_ROI_Gap__20lqu-d4cxc.md
7,A,AI:ROI Conversations with Section,Closing the Enterprise AI ROI Gap,ok,about 89% adoption uh in terms of uh their employee base uh took 12 months from sub 10%,transcripts/2026-08-03/Closing_the_Enterprise_AI_ROI_Gap__20lqu-d4cxc.md
7,A,AI:ROI Conversations with Section,Closing the Enterprise AI ROI Gap,ok,You must hold managers accountable. This is where change goes to die in the middle layer of the organization.,transcripts/2026-08-03/Closing_the_Enterprise_AI_ROI_Gap__20lqu-d4cxc.md
8,A,AWS Events,NYC Executive Forum 2026 - Leading Transformation When Technology Won’t Wait,ok,"현재까지 13만 3천 명의 직원에게 도입되었는데, 이는 매우 인상적인 성과입니다.",transcripts/channels/AWS_Events/NYC_Executive_Forum_2026_-_Leading_Transformation_When_Techn__-7VeuZfH0DM.md
8,A,AWS Events,NYC Executive Forum 2026 - Leading Transformation When Technology Won’t Wait,ok,저희는 시민들에게 영향을 미치는 결정을 내릴 때 인공지능 도구를 사용하지 않습니다,transcripts/channels/AWS_Events/NYC_Executive_Forum_2026_-_Leading_Transformation_When_Techn__-7VeuZfH0DM.md
8,A,AWS Events,NYC Executive Forum 2026 - Leading Transformation When Technology Won’t Wait,ok,그중 75% 정도는 의도적으로 실패할 겁니다,transcripts/channels/AWS_Events/NYC_Executive_Forum_2026_-_Leading_Transformation_When_Techn__-7VeuZfH0DM.md
8,A,AWS Events,NYC Executive Forum 2026 - Leading Transformation When Technology Won’t Wait,ok,"한 가지 확실히 말씀드릴 수 있는 건, 85%의 일에는 인공지능이 필요하지 않고 인간의 지능이 필요하다는 것입니다.",transcripts/channels/AWS_Events/NYC_Executive_Forum_2026_-_Leading_Transformation_When_Techn__-7VeuZfH0DM.md
8,A,AWS Events,NYC Executive Forum 2026 - Leading Transformation When Technology Won’t Wait,ok,그래서 시간이 15분에서 1초로 단축되었습니다.,transcripts/channels/AWS_Events/NYC_Executive_Forum_2026_-_Leading_Transformation_When_Techn__-7VeuZfH0DM.md
9,A,BOI (Board of Innovation),"Webinar: AI transformation that works, lessons from the trenches",ok,한 달 전에 MIT에서 기업의 95%가 AI 프로그램에서 아무런 가치도 얻지 못하고 있다는 보고서를 발표했다는 것입니다,"transcripts/2026-07-18/Webinar_AI_transformation_that_works,_lessons_from_the_trenc__PL3OWn143AI.md"
9,A,BOI (Board of Innovation),"Webinar: AI transformation that works, lessons from the trenches",ok,진정한 리더는 비즈니스와 기술을 공동 책임으로 융합하는 구조로 소유권을 옮깁니다,"transcripts/2026-07-18/Webinar_AI_transformation_that_works,_lessons_from_the_trenc__PL3OWn143AI.md"
9,A,BOI (Board of Innovation),"Webinar: AI transformation that works, lessons from the trenches",ok,실제로 지난 2년 동안 CAIIO의 수가 3배로 늘었습니다,"transcripts/2026-07-18/Webinar_AI_transformation_that_works,_lessons_from_the_trenc__PL3OWn143AI.md"
9,A,BOI (Board of Innovation),"Webinar: AI transformation that works, lessons from the trenches",ok,"이 항목들의 80%는 조직 및 운영 모델 기반의 할 일이고, 기술적인 부분은 각 열에서 하나씩만 포함되어 있습니다.","transcripts/2026-07-18/Webinar_AI_transformation_that_works,_lessons_from_the_trenc__PL3OWn143AI.md"
9,A,BOI (Board of Innovation),"Webinar: AI transformation that works, lessons from the trenches",ok,변화를 가로막는 가장 큰 장애물은 단연코 변화를 원하지 않거나 막으려는 사람들입니다.,"transcripts/2026-07-18/Webinar_AI_transformation_that_works,_lessons_from_the_trenc__PL3OWn143AI.md"
10,A,CXOTalk,"Enterprise AI Strategy and CEO Leadership, with McKinsey & Company | CXOTalk #851",ok,"not just doing individual use cases or pilots,","transcripts/2026-08-03/Enterprise_AI_Strategy_and_CEO_Leadership,_with_McKinsey_&_C__uTRKdCY4HdE.md"
10,A,CXOTalk,"Enterprise AI Strategy and CEO Leadership, with McKinsey & Company | CXOTalk #851",ok,to operate like a six-year employee through,"transcripts/2026-08-03/Enterprise_AI_Strategy_and_CEO_Leadership,_with_McKinsey_&_C__uTRKdCY4HdE.md"
10,A,CXOTalk,"Enterprise AI Strategy and CEO Leadership, with McKinsey & Company | CXOTalk #851",ok,heads of technology as potential CEO candidates.,"transcripts/2026-08-03/Enterprise_AI_Strategy_and_CEO_Leadership,_with_McKinsey_&_C__uTRKdCY4HdE.md"
10,A,CXOTalk,"Enterprise AI Strategy and CEO Leadership, with McKinsey & Company | CXOTalk #851",ok,"they get locked down by their legal department,","transcripts/2026-08-03/Enterprise_AI_Strategy_and_CEO_Leadership,_with_McKinsey_&_C__uTRKdCY4HdE.md"
10,A,CXOTalk,"Enterprise AI Strategy and CEO Leadership, with McKinsey & Company | CXOTalk #851",ok,hard-to-reverse choices made under uncertainty,"transcripts/2026-08-03/Enterprise_AI_Strategy_and_CEO_Leadership,_with_McKinsey_&_C__uTRKdCY4HdE.md"
11,A,Citizen Developer and Nathan Rose,AI Transformation Leader (AB-731) - Full Course - Pass The Exam!,ok,"요약하자면, 730 시험을 준비했다면 731 시험도 80% 정도는 준비된 셈입니다.",transcripts/2026-07-21/AI_Transformation_Leader_(AB-731)_-_Full_Course_-_Pass_The_E__Ox0m3iJG57M.md
11,A,Citizen Developer and Nathan Rose,AI Transformation Leader (AB-731) - Full Course - Pass The Exam!,ok,그러니까 데이터 사일로를 허물고 데이터 품질을 개선하는 거죠.,transcripts/2026-07-21/AI_Transformation_Leader_(AB-731)_-_Full_Course_-_Pass_The_E__Ox0m3iJG57M.md
11,A,Citizen Developer and Nathan Rose,AI Transformation Leader (AB-731) - Full Course - Pass The Exam!,ok,상담원을 직원과 같은 방식으로 생각하십시오,transcripts/2026-07-21/AI_Transformation_Leader_(AB-731)_-_Full_Course_-_Pass_The_E__Ox0m3iJG57M.md
11,A,Citizen Developer and Nathan Rose,AI Transformation Leader (AB-731) - Full Course - Pass The Exam!,ok,특히 비용을 고려할 때 가장 강력한 옵션을 기본적으로 선택하지 않는 것이 목표입니다,transcripts/2026-07-21/AI_Transformation_Leader_(AB-731)_-_Full_Course_-_Pass_The_E__Ox0m3iJG57M.md
11,A,Citizen Developer and Nathan Rose,AI Transformation Leader (AB-731) - Full Course - Pass The Exam!,ok,이것이 바로 마이크로소프트가 돈을 버는 방식입니다.,transcripts/2026-07-21/AI_Transformation_Leader_(AB-731)_-_Full_Course_-_Pass_The_E__Ox0m3iJG57M.md
12,A,DATAVERSITY,Analythics Architecture:  Promising AI Use Cases for the Enterprise in 2026,ok,지난 1년 동안 회의적인 시각이 지배적이 되었습니다,transcripts/2026-08-03/Analythics_Architecture_Promising_AI_Use_Cases_for_the_Enter__JhbsIutTwXM.md
12,A,DATAVERSITY,Analythics Architecture:  Promising AI Use Cases for the Enterprise in 2026,ok,"이 예측 시스템은 10억 달러 이상의 사기 손실을 성공적으로 방지했으며, 연간 2억 5천만 달러 이상의 직접적인 비용 절감을 창출합니다.",transcripts/2026-08-03/Analythics_Architecture_Promising_AI_Use_Cases_for_the_Enter__JhbsIutTwXM.md
12,A,DATAVERSITY,Analythics Architecture:  Promising AI Use Cases for the Enterprise in 2026,ok,이 프로젝트는 신입 직원 교육 시간을 75% 단축시켜 신규 또는 전환 직원 교육과 관련된 인건비를 대폭 절감했습니다.,transcripts/2026-08-03/Analythics_Architecture_Promising_AI_Use_Cases_for_the_Enter__JhbsIutTwXM.md
12,A,DATAVERSITY,Analythics Architecture:  Promising AI Use Cases for the Enterprise in 2026,ok,AI에 대한 내부적인 저항은 거의 없습니다,transcripts/2026-08-03/Analythics_Architecture_Promising_AI_Use_Cases_for_the_Enter__JhbsIutTwXM.md
12,A,DATAVERSITY,Analythics Architecture:  Promising AI Use Cases for the Enterprise in 2026,ok,저희는 숫자를 분석하여 고객 여러분이 시장에 내놓고 싶어하는 사례 연구에 적절한 ROI를 산출해 드립니다,transcripts/2026-08-03/Analythics_Architecture_Promising_AI_Use_Cases_for_the_Enter__JhbsIutTwXM.md
13,A,Databricks,Data + AI Summit Keynote 2026 | Day 1,ok,"그리고 등록한 사람은 97,000명밖에 되지 않았습니다.",transcripts/channels/Databricks/Data_+_AI_Summit_Keynote_2026_Day_1__Qux8E-L1mk8.md
13,A,Databricks,Data + AI Summit Keynote 2026 | Day 1,ok,그래서 AGI는 이미 여기 있어요.,transcripts/channels/Databricks/Data_+_AI_Summit_Keynote_2026_Day_1__Qux8E-L1mk8.md
13,A,Databricks,Data + AI Summit Keynote 2026 | Day 1,ok,그만큼 우리가 가진 문제는 AGI가 아니라는 점입니다.,transcripts/channels/Databricks/Data_+_AI_Summit_Keynote_2026_Day_1__Qux8E-L1mk8.md
13,A,Databricks,Data + AI Summit Keynote 2026 | Day 1,ok,그래서 첫 번째 문제는 실제로 비용이 통제 불능 상태로 치솟고 있습니다.,transcripts/channels/Databricks/Data_+_AI_Summit_Keynote_2026_Day_1__Qux8E-L1mk8.md
13,A,Databricks,Data + AI Summit Keynote 2026 | Day 1,ok,"그래서 이 모든 토큰은 최대치가 달성되고 있고, 막을 방법이 없습니다.",transcripts/channels/Databricks/Data_+_AI_Summit_Keynote_2026_Day_1__Qux8E-L1mk8.md
14,A,Databricks,Developing and Deploying Databricks ai_parse_document for Intelligent Document Processing,ok,저는 Planes Midstream에서 일합니다,transcripts/channels/Databricks/Developing_and_Deploying_Databricks_ai_parse_document_for_In__kH7p1lr4Be4.md
14,A,Databricks,Developing and Deploying Databricks ai_parse_document for Intelligent Document Processing,ok,"저희 데이터베이스에는 수억 개의 행이 있는데, AI 파싱을 통해 좋은 결과를 많이 얻었고, 이를 통해 경영진에게 생성형 AI의 가치 제안을 보여주고 투자 대비 수익을 제시할 수 있었습니다.",transcripts/channels/Databricks/Developing_and_Deploying_Databricks_ai_parse_document_for_In__kH7p1lr4Be4.md
14,A,Databricks,Developing and Deploying Databricks ai_parse_document for Intelligent Document Processing,ok,다행히 저희 두 리더 모두 마이크로소프트 출신이라 기술적인 관점에서 매우 앞서가는 생각을 가지고 계십니다.,transcripts/channels/Databricks/Developing_and_Deploying_Databricks_ai_parse_document_for_In__kH7p1lr4Be4.md
14,A,Databricks,Developing and Deploying Databricks ai_parse_document for Intelligent Document Processing,ok,"예를 들어, 저희는 다른 소스 제공업체와 같은 주요 시스템보다 뛰어난 일치율을 달성하면서도 비용은 3~5 배 낮춥니다.",transcripts/channels/Databricks/Developing_and_Deploying_Databricks_ai_parse_document_for_In__kH7p1lr4Be4.md
15,A,ERP Suites | JD Edwards Insights,Enterprise AI: From Big Uncertainty to Massive ROI,ok,응답자의 71%가 이미 어떤 형태로든 AI를 사용하고 있다고 답했습니다.,transcripts/2026-08-03/Enterprise_AI_From_Big_Uncertainty_to_Massive_ROI__FmcULDfEgvM.md
15,A,ERP Suites | JD Edwards Insights,Enterprise AI: From Big Uncertainty to Massive ROI,ok,저는 AI를 '오케 스트레이터'라고 부르는 것보다 '인턴'이라고 부르는 게 더 좋아요.,transcripts/2026-08-03/Enterprise_AI_From_Big_Uncertainty_to_Massive_ROI__FmcULDfEgvM.md
15,A,ERP Suites | JD Edwards Insights,Enterprise AI: From Big Uncertainty to Massive ROI,ok,"다른 모든 IT 프로젝트와 마찬가지로, ERP 구현이든, JD Edwards 애플리케이션 업그레이드든, 복잡한 기타 보조 시스템 도입이든, 성공적인 프로젝트를 위해서는 프로세스와 방법론이 필수적이라는 점입니다.",transcripts/2026-08-03/Enterprise_AI_From_Big_Uncertainty_to_Massive_ROI__FmcULDfEgvM.md
15,A,ERP Suites | JD Edwards Insights,Enterprise AI: From Big Uncertainty to Massive ROI,ok,"이 글의 요점은 ERP Suites가 이런 방식을 제공한다는 것이 아니라, AI 도입이 실제로 매우 쉽고 실현 가능하다는 것을 보여주는 것입니다.",transcripts/2026-08-03/Enterprise_AI_From_Big_Uncertainty_to_Massive_ROI__FmcULDfEgvM.md
16,A,INSEAD,Making AI Transformation Work: Avoiding the Mistakes from Digital Transformation,ok,그리고 KPI가 나비에 비유된 이유는 나비가 한쪽 날개 없이는 날 수 없기 때문입니다.,transcripts/2026-07-18/Making_AI_Transformation_Work_Avoiding_the_Mistakes_from_Dig__CoPCP3f1DzM.md
16,A,INSEAD,Making AI Transformation Work: Avoiding the Mistakes from Digital Transformation,ok,"저는 여전히 믿지는 않지만, 프로덕트 오너 교육에 등록했어요.",transcripts/2026-07-18/Making_AI_Transformation_Work_Avoiding_the_Mistakes_from_Dig__CoPCP3f1DzM.md
16,A,INSEAD,Making AI Transformation Work: Avoiding the Mistakes from Digital Transformation,ok,예술이지 과학이 아니거든요,transcripts/2026-07-18/Making_AI_Transformation_Work_Avoiding_the_Mistakes_from_Dig__CoPCP3f1DzM.md
16,A,INSEAD,Making AI Transformation Work: Avoiding the Mistakes from Digital Transformation,ok,무엇보다 중요한 것은 경쟁 우위를 확보할 수 있는 가치 제안을 고객에게 어떻게 제공할 것인가입니다.,transcripts/2026-07-18/Making_AI_Transformation_Work_Avoiding_the_Mistakes_from_Dig__CoPCP3f1DzM.md
16,A,INSEAD,Making AI Transformation Work: Avoiding the Mistakes from Digital Transformation,ok,왜냐하면 그들은 먼저 데이터를 활용할 수 있도록 하는 디지털 전환을 완료하지 못했기 때문입니다,transcripts/2026-07-18/Making_AI_Transformation_Work_Avoiding_the_Mistakes_from_Dig__CoPCP3f1DzM.md
17,A,Infosys,The Boardroom Mandate: Scaling AI for Business Impact | Davos 2026,ok,"저희는 지난 10월에 모바일 뱅킹에 AI 챗봇을 출시했는데, 이미 고객 문의의 20%를 처리하고 있습니다",transcripts/channels/Infosys/The_Boardroom_Mandate_Scaling_AI_for_Business_Impact_Davos_2__0ixUiXr2DVY.md
17,A,Infosys,The Boardroom Mandate: Scaling AI for Business Impact | Davos 2026,ok,따라서 이사회 와 경영진 사이에는 상당한 지식 격차가 존재한다고 생각합니다.,transcripts/channels/Infosys/The_Boardroom_Mandate_Scaling_AI_for_Business_Impact_Davos_2__0ixUiXr2DVY.md
17,A,Infosys,The Boardroom Mandate: Scaling AI for Business Impact | Davos 2026,ok,사실 제 생각에는 기술 분야에서 제가 지난 26년간 은행업계에 몸담으면서 봐왔던 장벽들과 크게 다르지 않습니다.,transcripts/channels/Infosys/The_Boardroom_Mandate_Scaling_AI_for_Business_Impact_Davos_2__0ixUiXr2DVY.md
17,A,Infosys,The Boardroom Mandate: Scaling AI for Business Impact | Davos 2026,ok,"우리는 시간이 지남에 따라 인력을 감축할 것이고, 특히 지원 기능 부문에서 그렇게 될 것이라고 예상합니다.",transcripts/channels/Infosys/The_Boardroom_Mandate_Scaling_AI_for_Business_Impact_Davos_2__0ixUiXr2DVY.md
18,A,Liam Ottley,What is an AI Transformation Partner? (and how to become one),ok,"따라서 AI 전환 파트너는 조직의 포괄적인 AI 도입을 안내하는 데 특화된 AI 서비스 제공업체로서, 전략, 구현, 교육 및 지속적인 관리를 통합적으로 제공합니다.",transcripts/2026-07-18/What_is_an_AI_Transformation_Partner_(and_how_to_become_one)__aNrWN0M851k.md
18,A,Liam Ottley,What is an AI Transformation Partner? (and how to become one),ok,"이 회사는 연간 2억 달러 규모의 예산과 200명의 직원을 보유하고 있지만, 인공지능 분야에서는 어디서부터 시작해야 할지 몰라 아무런 움직임도 보이지 않고 있었습니다.",transcripts/2026-07-18/What_is_an_AI_Transformation_Partner_(and_how_to_become_one)__aNrWN0M851k.md
18,A,Liam Ottley,What is an AI Transformation Partner? (and how to become one),ok,"음, 이 경우에는 개발 파이프라인에서만 8.3배의 투자 수익률(ROI)을 확실히 확인할 수 있습니다",transcripts/2026-07-18/What_is_an_AI_Transformation_Partner_(and_how_to_become_one)__aNrWN0M851k.md
18,A,Liam Ottley,What is an AI Transformation Partner? (and how to become one),ok,하지만 AI 프로젝트의 80%는 실패하고 있습니다.,transcripts/2026-07-18/What_is_an_AI_Transformation_Partner_(and_how_to_become_one)__aNrWN0M851k.md
19,A,Microsoft Learn,Prepare for Microsoft Certification Exam AB-731: AI Transformation Leader,ok,"This session is designed to focus on what the exam expects you to know, not to teach every concept in depth.",transcripts/2026-07-18/Prepare_for_Microsoft_Certification_Exam_AB-731_AI_Transform__mj_lyhuWbig.md
19,A,Microsoft Learn,Prepare for Microsoft Certification Exam AB-731: AI Transformation Leader,ok,So know that an AI council is the central body for guiding the AI strategy and governance.,transcripts/2026-07-18/Prepare_for_Microsoft_Certification_Exam_AB-731_AI_Transform__mj_lyhuWbig.md
19,A,Microsoft Learn,Prepare for Microsoft Certification Exam AB-731: AI Transformation Leader,ok,"And one of the common barriers to AI adoption are primarily people, the trust, the processes, and the leadership, not the technology",transcripts/2026-07-18/Prepare_for_Microsoft_Certification_Exam_AB-731_AI_Transform__mj_lyhuWbig.md
19,A,Microsoft Learn,Prepare for Microsoft Certification Exam AB-731: AI Transformation Leader,ok,"Know that low usage indicates adoption failure, not capability failure.",transcripts/2026-07-18/Prepare_for_Microsoft_Certification_Exam_AB-731_AI_Transform__mj_lyhuWbig.md
20,A,Qdrant,Qdrant Vector Space Day 2025 | Opening Keynotes,ok,버그 문제는 제품 시장 적합성을 판단하는 가장 좋은 지표입니다,transcripts/channels/Qdrant/Qdrant_Vector_Space_Day_2025_Opening_Keynotes__Vgbg7uIddnA.md
20,A,Qdrant,Qdrant Vector Space Day 2025 | Opening Keynotes,ok,제 생각은 쿼드런트는 데이터베이스가 아니라는 겁니다.,transcripts/channels/Qdrant/Qdrant_Vector_Space_Day_2025_Opening_Keynotes__Vgbg7uIddnA.md
20,A,Qdrant,Qdrant Vector Space Day 2025 | Opening Keynotes,ok,그래서 회사 내 어디에서든 생성되는 모든 정보는 벡터화되어 쿼드런트에 저장됩니다,transcripts/channels/Qdrant/Qdrant_Vector_Space_Day_2025_Opening_Keynotes__Vgbg7uIddnA.md
20,A,Qdrant,Qdrant Vector Space Day 2025 | Opening Keynotes,ok,모든 지원 상호 작용은 사분면으로 들어갑니다.,transcripts/channels/Qdrant/Qdrant_Vector_Space_Day_2025_Opening_Keynotes__Vgbg7uIddnA.md
20,A,Qdrant,Qdrant Vector Space Day 2025 | Opening Keynotes,ok,"쿼드런트로 이전한 후, 그들은 쿼드런트와 AWS에서 얻은 성능이 이전과 동일하지만 가격은 30% 더 저렴해졌다는 것을 알게 되었습니다.",transcripts/channels/Qdrant/Qdrant_Vector_Space_Day_2025_Opening_Keynotes__Vgbg7uIddnA.md
21,A,ServiceNow,Welcome to Agentic Business | ServiceNow Knowledge 2026 Opening Keynote,ok,"네, 숨겨진 명령어가 포함된 프롬프트 주입으로 인해 이 AI 에이전트가 이전의 모든 가격 책정 규칙을 무시하고 배송비를 1달러로 설정하도록 지시받은 것 같습니다.",transcripts/channels/ServiceNow/Welcome_to_Agentic_Business_ServiceNow_Knowledge_2026_Openin__jeo2V1w-Peg.md
21,A,ServiceNow,Welcome to Agentic Business | ServiceNow Knowledge 2026 Opening Keynote,ok,"우리는 채용부터 퇴직, 소싱부터 지급, 배송부터 수금까지 세 가지 핵심 프로세스에 걸쳐 매달 500만 건의 ServiceNow 워크플로우를 실행합니다.",transcripts/channels/ServiceNow/Welcome_to_Agentic_Business_ServiceNow_Knowledge_2026_Openin__jeo2V1w-Peg.md
21,A,ServiceNow,Welcome to Agentic Business | ServiceNow Knowledge 2026 Opening Keynote,ok,서비스 요청의 91%는 AI의 지원을 받습니다.,transcripts/channels/ServiceNow/Welcome_to_Agentic_Business_ServiceNow_Knowledge_2026_Openin__jeo2V1w-Peg.md
21,A,ServiceNow,Welcome to Agentic Business | ServiceNow Knowledge 2026 Opening Keynote,ok,그래서 우리는 그들을 인간 팀과 마찬가지로 엄격한 기준과 정책으로 관리해야 하는 디지털 인력으로 간주합니다.,transcripts/channels/ServiceNow/Welcome_to_Agentic_Business_ServiceNow_Knowledge_2026_Openin__jeo2V1w-Peg.md
21,A,ServiceNow,Welcome to Agentic Business | ServiceNow Knowledge 2026 Opening Keynote,ok,거버넌스는 기능이 아닙니다. 이건 경기 전체의 승패를 좌우하는 문제입니다.,transcripts/channels/ServiceNow/Welcome_to_Agentic_Business_ServiceNow_Knowledge_2026_Openin__jeo2V1w-Peg.md
22,A,Siemens,Building AI Factories: How Siemens and AWS Are Solving Data Center Engineering Challenges,ok,작년 한 해 동안에만 데이터센터에 해당하는 3.8 기가와트의 설치 전력 용량을 구현했습니다,transcripts/channels/Siemens/Building_AI_Factories_How_Siemens_and_AWS_Are_Solving_Data_C__ZLl184cSyYM.md
22,A,Siemens,Building AI Factories: How Siemens and AWS Are Solving Data Center Engineering Challenges,ok,우리는 AI 소프트웨어를 사용하여 서버가 정확히 어디에 위치해야 하는지 최적화합니다,transcripts/channels/Siemens/Building_AI_Factories_How_Siemens_and_AWS_Are_Solving_Data_C__ZLl184cSyYM.md
22,A,Siemens,Building AI Factories: How Siemens and AWS Are Solving Data Center Engineering Challenges,ok,이제 6개월 만에 똑같은 일을 해내려면 우리의 업무 방식을 완전히 재고해야 합니다,transcripts/channels/Siemens/Building_AI_Factories_How_Siemens_and_AWS_Are_Solving_Data_C__ZLl184cSyYM.md
22,A,Siemens,Building AI Factories: How Siemens and AWS Are Solving Data Center Engineering Challenges,ok,현실적으로 AI는 일자리를 대체할 것입니다,transcripts/channels/Siemens/Building_AI_Factories_How_Siemens_and_AWS_Are_Solving_Data_C__ZLl184cSyYM.md
23,A,Snowflake,"How AI Transforms Retail, Finance and Manufacturing in 2026",ok,기술적 성과보다는 상업적 성과에 초점을 맞추는 사고방식의 변화라고 할 수 있습니다,"transcripts/channels/Snowflake/How_AI_Transforms_Retail,_Finance_and_Manufacturing_in_2026__11degQs3L7c.md"
23,A,Snowflake,"How AI Transforms Retail, Finance and Manufacturing in 2026",ok,전통적인 데이터 거버넌스에서 모델 거버넌스 및 사용 거버넌스로의 광범위한 진화,"transcripts/channels/Snowflake/How_AI_Transforms_Retail,_Finance_and_Manufacturing_in_2026__11degQs3L7c.md"
23,A,Snowflake,"How AI Transforms Retail, Finance and Manufacturing in 2026",ok,인간과 인공지능이 협력하는 세상에서 생산성을 어떻게 측정하느냐는 것입니다,"transcripts/channels/Snowflake/How_AI_Transforms_Retail,_Finance_and_Manufacturing_in_2026__11degQs3L7c.md"
23,A,Snowflake,"How AI Transforms Retail, Finance and Manufacturing in 2026",ok,데이터가 분산되어 AI 시스템에 대한 신뢰가 무너지면 투자 대비 수익률(ROI)은 기대할 수 없을 것입니다,"transcripts/channels/Snowflake/How_AI_Transforms_Retail,_Finance_and_Manufacturing_in_2026__11degQs3L7c.md"
24,A,Snowflake,Snowflake Build London Keynote,ok,"이러한 질문들은 비즈니스에 매우 중요하고 시간 소모적인 내용이었으며, 이로 인해 업무 처리에 상당한 차질이 발생했습니다",transcripts/channels/Snowflake/Snowflake_Build_London_Keynote__9LOP86qaw34.md
24,A,Snowflake,Snowflake Build London Keynote,ok,작은 사용 사례를 찾아 실제 운영 환경에 적용해 보세요. 거창한 AI 프로젝트를 기다리지 마세요,transcripts/channels/Snowflake/Snowflake_Build_London_Keynote__9LOP86qaw34.md
24,A,Snowflake,Snowflake Build London Keynote,ok,"최고정보책임자(CIO)가 제게 시범 운영을 시작하기까지 무려 17개의 위원회를 거쳐야 했고, 그 과정이 6개월 이상 걸렸다고 말했습니다",transcripts/channels/Snowflake/Snowflake_Build_London_Keynote__9LOP86qaw34.md
25,A,Snowflake,Snowflake Summit 2026 Platform Keynote,ok,AX which is AI based process transformation,transcripts/channels/Snowflake/Snowflake_Summit_2026_Platform_Keynote__CtqKJV6gyGQ.md
25,A,Snowflake,Snowflake Summit 2026 Platform Keynote,ok,we didn't just AI on uh add AI on top of existing reports. We redesigned the process.,transcripts/channels/Snowflake/Snowflake_Summit_2026_Platform_Keynote__CtqKJV6gyGQ.md
25,A,Snowflake,Snowflake Summit 2026 Platform Keynote,ok,"approximately 1,000 executives and sales and marketer at Samsung globally using this agent",transcripts/channels/Snowflake/Snowflake_Summit_2026_Platform_Keynote__CtqKJV6gyGQ.md
25,A,Snowflake,Snowflake Summit 2026 Platform Keynote,ok,Governance for us has uh enabled us to derisk and accelerate our AI transformation,transcripts/channels/Snowflake/Snowflake_Summit_2026_Platform_Keynote__CtqKJV6gyGQ.md
25,A,Snowflake,Snowflake Summit 2026 Platform Keynote,ok,we've moved beyond pilot to production,transcripts/channels/Snowflake/Snowflake_Summit_2026_Platform_Keynote__CtqKJV6gyGQ.md
26,A,Solutions Review,"Build, Test, and Deploy Production-Ready Enterprise AI Agents in Minutes | with @InformaticaCorp",ok,실제로 AI 에이전트를 실제 운영 환경에 배포한 기업은 전체 기업의 12%에 불과합니다,"transcripts/2026-08-03/Build,_Test,_and_Deploy_Production-Ready_Enterprise_AI_Agent__P0kux8A8NbM.md"
26,A,Solutions Review,"Build, Test, and Deploy Production-Ready Enterprise AI Agents in Minutes | with @InformaticaCorp",ok,"현재 팀들이 AI 에이전트를 구축할 때, 시간의 80%를 데이터 통합에 소비합니다","transcripts/2026-08-03/Build,_Test,_and_Deploy_Production-Ready_Enterprise_AI_Agent__P0kux8A8NbM.md"
26,A,Solutions Review,"Build, Test, and Deploy Production-Ready Enterprise AI Agents in Minutes | with @InformaticaCorp",ok,"자, 이번 데모 시나리오에서는 넥스트 테크 솔루션이라는 가상의 회사를 예로 들어 설명하겠습니다","transcripts/2026-08-03/Build,_Test,_and_Deploy_Production-Ready_Enterprise_AI_Agent__P0kux8A8NbM.md"
26,A,Solutions Review,"Build, Test, and Deploy Production-Ready Enterprise AI Agents in Minutes | with @InformaticaCorp",ok,이사회부터 경영진에 이르기까지 2026년까지 AI 전략을 즉시 수립해야 한다는 압력이 매우 크다는 것입니다,"transcripts/2026-08-03/Build,_Test,_and_Deploy_Production-Ready_Enterprise_AI_Agent__P0kux8A8NbM.md"
27,A,Telefónica,Telefónica Capital Markets Day 2025 | ES,ok,우리는 자동화할 것입니다 이러한 과정에서 우리는 AI를 활용할 것입니다,transcripts/channels/Telefónica/Telefónica_Capital_Markets_Day_2025_ES__8HYvqTquKQM.md
27,A,Telefónica,Telefónica Capital Markets Day 2025 | ES,ok,"우리는 32,000을 투자할 것입니다. Totex에 수백만 유로가 포함되어 있습니다",transcripts/channels/Telefónica/Telefónica_Capital_Markets_Day_2025_ES__8HYvqTquKQM.md
27,A,Telefónica,Telefónica Capital Markets Day 2025 | ES,ok,우리는 91% 이상을 얻을 것입니다 주요 역할 중 일부 매년,transcripts/channels/Telefónica/Telefónica_Capital_Markets_Day_2025_ES__8HYvqTquKQM.md
27,A,Telefónica,Telefónica Capital Markets Day 2025 | ES,ok,포착 비용은 AI 덕분에 효율성이 향상되었습니다. 이는 5% 미만의 절감 효과를 나타냅니다,transcripts/channels/Telefónica/Telefónica_Capital_Markets_Day_2025_ES__8HYvqTquKQM.md
28,A,Tigerhall,AI for AI: Building the Transformation Office That Drives Enterprise AI Adoption,ok,구식 방식을 고수하는 것은 마치 팩스 기계로 인터넷을 소개하는 것과 같습니다,transcripts/2026-07-26/AI_for_AI_Building_the_Transformation_Office_That_Drives_Ent__OJwpw-8SkBM.md
28,A,Tigerhall,AI for AI: Building the Transformation Office That Drives Enterprise AI Adoption,ok,90일 만에 91%의 도입률을 달성했습니다,transcripts/2026-07-26/AI_for_AI_Building_the_Transformation_Office_That_Drives_Ent__OJwpw-8SkBM.md
28,A,Tigerhall,AI for AI: Building the Transformation Office That Drives Enterprise AI Adoption,ok,"그중 4만 9,995명이 변화를 주도하는 방법을 모른다는 것은 말이 안 됩니다",transcripts/2026-07-26/AI_for_AI_Building_the_Transformation_Office_That_Drives_Ent__OJwpw-8SkBM.md
28,A,Tigerhall,AI for AI: Building the Transformation Office That Drives Enterprise AI Adoption,ok,"표준화 60%, 현지화 40% 정도의 비율을 유지하려고 노력했습니다",transcripts/2026-07-26/AI_for_AI_Building_the_Transformation_Office_That_Drives_Ent__OJwpw-8SkBM.md
28,A,Tigerhall,AI for AI: Building the Transformation Office That Drives Enterprise AI Adoption,ok,12개월이 걸릴 거라고 생각했던 것을 실제로 2개월 만에 도입했습니다,transcripts/2026-07-26/AI_for_AI_Building_the_Transformation_Office_That_Drives_Ent__OJwpw-8SkBM.md
29,A,Vertesia,Enterprise strategies for agentic AI adoption in 2026 and beyond,ok,no AI chatbot is used to make an investment decision yet,transcripts/2026-07-21/Enterprise_strategies_for_agentic_AI_adoption_in_2026_and_be__B4WgQotMVmE.md
29,A,Vertesia,Enterprise strategies for agentic AI adoption in 2026 and beyond,ok,people that use AI will replace people that are not using it,transcripts/2026-07-21/Enterprise_strategies_for_agentic_AI_adoption_in_2026_and_be__B4WgQotMVmE.md
29,A,Vertesia,Enterprise strategies for agentic AI adoption in 2026 and beyond,ok,the biggest lesson by far is operational alignment matters more than technical readiness,transcripts/2026-07-21/Enterprise_strategies_for_agentic_AI_adoption_in_2026_and_be__B4WgQotMVmE.md
29,A,Vertesia,Enterprise strategies for agentic AI adoption in 2026 and beyond,ok,treating AI as business transformation not a technology project,transcripts/2026-07-21/Enterprise_strategies_for_agentic_AI_adoption_in_2026_and_be__B4WgQotMVmE.md
30,A,Y Combinator,How AI Is Changing Enterprise,ok,현재 공개적으로 저희 회사의 총 마진율은 81%입니다.,transcripts/2026-07-26/How_AI_Is_Changing_Enterprise__aIKfA3gIXwo.md
30,A,Y Combinator,How AI Is Changing Enterprise,ok,골드만삭스 내부 프로젝트에서 AI가 10분 만에 S1을 작성하는 시스템을 만들고 있다고 하더라고요.,transcripts/2026-07-26/How_AI_Is_Changing_Enterprise__aIKfA3gIXwo.md
30,A,Y Combinator,How AI Is Changing Enterprise,ok,기업은 모델을 원하는 게 아니라 결과를 원합니다.,transcripts/2026-07-26/How_AI_Is_Changing_Enterprise__aIKfA3gIXwo.md
30,A,Y Combinator,How AI Is Changing Enterprise,ok,지금 당장 AI 우선 기업을 구축하는 방법을 모른다면 경쟁에서 완전히 밀려날 겁니다.,transcripts/2026-07-26/How_AI_Is_Changing_Enterprise__aIKfA3gIXwo.md
30,A,Y Combinator,How AI Is Changing Enterprise,ok,대학이나 고등학교에서 AI 기반 업무 방식을 배우던 사람이 갑자기 팩스 수준의 기술을 사용하는 회사에 취직하는 것은 불가능합니다.,transcripts/2026-07-26/How_AI_Is_Changing_Enterprise__aIKfA3gIXwo.md
30,A,Y Combinator,How AI Is Changing Enterprise,ok,클라우드는 과거에는 단순히 효율성 향상을 위한 기술이었습니다.,transcripts/2026-07-26/How_AI_Is_Changing_Enterprise__aIKfA3gIXwo.md
31,A,Zapier,Lovable's Ryan Meadows on the New GTM Playbook,ok,저는 BDR(Business Development Representative) 조직을 따로 만들지 않았어요. 자체적으로 발전하는 AI 에이전트들이 파이프라인을 구축하고 있거든요.,transcripts/channels/Zapier/Lovable's_Ryan_Meadows_on_the_New_GTM_Playbook__FeZ93evIfbM.md
31,A,Zapier,Lovable's Ryan Meadows on the New GTM Playbook,ok,"기술 인력을 더 많이 채용하고 있으며, 관리적인 고객 성공 업무보다는 변경 관리 및 배포에 훨씬 더 집중하고 있습니다.",transcripts/channels/Zapier/Lovable's_Ryan_Meadows_on_the_New_GTM_Playbook__FeZ93evIfbM.md
31,A,Zapier,Lovable's Ryan Meadows on the New GTM Playbook,ok,"측정 결과, 팀원 시간의 80%가 행정 업무에 소요되고 있었어요",transcripts/channels/Zapier/Lovable's_Ryan_Meadows_on_the_New_GTM_Playbook__FeZ93evIfbM.md
31,A,Zapier,Lovable's Ryan Meadows on the New GTM Playbook,ok,직원 1인당 매출로 사업을 최적화하는 것은 현재 저희의 목표가 아닙니다,transcripts/channels/Zapier/Lovable's_Ryan_Meadows_on_the_New_GTM_Playbook__FeZ93evIfbM.md
31,A,Zapier,Lovable's Ryan Meadows on the New GTM Playbook,ok,"CIO, AI 책임자, CISO와 함께 시민 개발이 언제 유익하고 언제 적절한 거버넌스를 통해 규제해야 하는지를 파악하는 데 중점을 둔 변화 관리 플랫폼입니다.",transcripts/channels/Zapier/Lovable's_Ryan_Meadows_on_the_New_GTM_Playbook__FeZ93evIfbM.md
32,A,Zapier,RevOps Strategy 2026: RevOps Leaders Reveal Their Plan,ok,"이게 10배의 효과를 낼 수 있는 전략일까, 아니면 2배의 효과를 낼 수 있는 전략일까?",transcripts/channels/Zapier/RevOps_Strategy_2026_RevOps_Leaders_Reveal_Their_Plan__J0dUy6VYmTs.md
32,A,Zapier,RevOps Strategy 2026: RevOps Leaders Reveal Their Plan,ok,"저는 완전히 다른 접근 방식을 택했는데, 그것은 바로 그들이 직접 만들도록 하는 것이었습니다.",transcripts/channels/Zapier/RevOps_Strategy_2026_RevOps_Leaders_Reveal_Their_Plan__J0dUy6VYmTs.md
32,A,Zapier,RevOps Strategy 2026: RevOps Leaders Reveal Their Plan,ok,"우리는 모든 것을 중단하는 대신, 시장 진출 AI 위원회를 만들었고, 이를 통해 우리 모두가 모든 것을 투명하게 공유할 수 있는 커뮤니티를 조성했습니다.",transcripts/channels/Zapier/RevOps_Strategy_2026_RevOps_Leaders_Reveal_Their_Plan__J0dUy6VYmTs.md
32,A,Zapier,RevOps Strategy 2026: RevOps Leaders Reveal Their Plan,ok,두 명을 고용함으로써 사실상 약 10명의 관련 인력을 창출하는 것과 같은 효과를 얻을 수 있기 때문입니다.,transcripts/channels/Zapier/RevOps_Strategy_2026_RevOps_Leaders_Reveal_Their_Plan__J0dUy6VYmTs.md
32,A,Zapier,RevOps Strategy 2026: RevOps Leaders Reveal Their Plan,ok,"오랫동안 시간 절약에만 집중했지만, 결국에는 그 시간을 정말 의미 있는 일들로 채워야 한다는 것을 깨달았다는 것입니다.",transcripts/channels/Zapier/RevOps_Strategy_2026_RevOps_Leaders_Reveal_Their_Plan__J0dUy6VYmTs.md
33,A,Zapier,Sunlight on Shadow AI: When Security Learns to Tinker—Rob T. Lee on AI Risk,ok,현재의 정책이 사람들이 AI를 몰래 이용하도록 부추기고 있다는 것입니다.,transcripts/channels/Zapier/Sunlight_on_Shadow_AI_When_Security_Learns_to_Tinker—Rob_T.___qlCkwGSRP3w.md
33,A,Zapier,Sunlight on Shadow AI: When Security Learns to Tinker—Rob T. Lee on AI Risk,ok,조직이 실제로 ROI를 달성할 수 있었던 유일한 방법은 섀도우 AI를 통해서였다는 점이 숨겨져 있습니다,transcripts/channels/Zapier/Sunlight_on_Shadow_AI_When_Security_Learns_to_Tinker—Rob_T.___qlCkwGSRP3w.md
33,A,Zapier,Sunlight on Shadow AI: When Security Learns to Tinker—Rob T. Lee on AI Risk,ok,"요즘에는 이런 사람들을 AI 챔피언이라고 부르는데, 저는 그 용어를 싫어합니다.",transcripts/channels/Zapier/Sunlight_on_Shadow_AI_When_Security_Learns_to_Tinker—Rob_T.___qlCkwGSRP3w.md
33,A,Zapier,Sunlight on Shadow AI: When Security Learns to Tinker—Rob T. Lee on AI Risk,ok,"좌절감을 느낀다면, 그것은 당신이 배우고 있다는 뜻입니다.",transcripts/channels/Zapier/Sunlight_on_Shadow_AI_When_Security_Learns_to_Tinker—Rob_T.___qlCkwGSRP3w.md
33,A,Zapier,Sunlight on Shadow AI: When Security Learns to Tinker—Rob T. Lee on AI Risk,ok,저는 이사회 구성원 모두가 개인적으로 이를 사용하기 시작해야 할 책임감을 느낍니다.,transcripts/channels/Zapier/Sunlight_on_Shadow_AI_When_Security_Learns_to_Tinker—Rob_T.___qlCkwGSRP3w.md
34,B,AMD,AMD at CES® 2026 Replay,ok,we need to increase the world's compute capacity another 100 times,transcripts/channels/AMD/AMD_at_CES®_2026_Replay__ypSay3Ehxow.md
34,B,AMD,AMD at CES® 2026 Replay,ok,Every employee at Blue Origin has access to AI tools,transcripts/channels/AMD/AMD_at_CES®_2026_Replay__ypSay3Ehxow.md
34,B,AMD,AMD at CES® 2026 Replay,ok,we've actually committed $150 million to programs that bring AI into more classrooms,transcripts/channels/AMD/AMD_at_CES®_2026_Replay__ypSay3Ehxow.md
34,B,AMD,AMD at CES® 2026 Replay,ok,it's also our responsibility to deploy and develop it in ways that reflect true human values,transcripts/channels/AMD/AMD_at_CES®_2026_Replay__ypSay3Ehxow.md
34,B,AMD,AMD at CES® 2026 Replay,ok,my theme for tonight is you ain't seen nothing yet,transcripts/channels/AMD/AMD_at_CES®_2026_Replay__ypSay3Ehxow.md
35,B,AMD,Advancing AI 2026 Replay | Build What's Next with @AMD,ok,we're now burning about a trillion-plus tokens per month,transcripts/channels/AMD/Advancing_AI_2026_Replay_Build_What's_Next_with_@AMD__8B_Gese-bdI.md
35,B,AMD,Advancing AI 2026 Replay | Build What's Next with @AMD,ok,over 100 Gen A models in production across our enterprise,transcripts/channels/AMD/Advancing_AI_2026_Replay_Build_What's_Next_with_@AMD__8B_Gese-bdI.md
35,B,AMD,Advancing AI 2026 Replay | Build What's Next with @AMD,ok,we're now agentifying those entire workloads,transcripts/channels/AMD/Advancing_AI_2026_Replay_Build_What's_Next_with_@AMD__8B_Gese-bdI.md
35,B,AMD,Advancing AI 2026 Replay | Build What's Next with @AMD,ok,You need world-class teams in order to do this,transcripts/channels/AMD/Advancing_AI_2026_Replay_Build_What's_Next_with_@AMD__8B_Gese-bdI.md
35,B,AMD,Advancing AI 2026 Replay | Build What's Next with @AMD,ok,we reduced our token costs by 43%,transcripts/channels/AMD/Advancing_AI_2026_Replay_Build_What's_Next_with_@AMD__8B_Gese-bdI.md
35,B,AMD,Advancing AI 2026 Replay | Build What's Next with @AMD,ok,"humans click, but agents swarm",transcripts/channels/AMD/Advancing_AI_2026_Replay_Build_What's_Next_with_@AMD__8B_Gese-bdI.md
36,B,AWS Events,AWS European Sovereign Cloud – Explained | AWS Events,ok,"저희는 독일에 새로운 모회사인 AWS European sovereign cloud GmbH를 설립하고, 인프라 담당, 연구 개발 담당, 그리고 신뢰 및 인증서 제공업체 역할을 하는 세 개의 현지 자회사를 함께 설립했습니다.",transcripts/channels/AWS_Events/AWS_European_Sovereign_Cloud_–_Explained_AWS_Events__GbitrLroyMU.md
36,B,AWS Events,AWS European Sovereign Cloud – Explained | AWS Events,ok,이 시스템의 독특한 설계 덕분에 외부와의 통신이 두절되더라도 무기한으로 작동을 지속할 수 있습니다 .,transcripts/channels/AWS_Events/AWS_European_Sovereign_Cloud_–_Explained_AWS_Events__GbitrLroyMU.md
36,B,AWS Events,AWS European Sovereign Cloud – Explained | AWS Events,ok,"슈파는 디지털 전환의 일환으로 소비자들이 신용도를 평가받는 방법과 사용된 기준, 가중치 등을 정확하게 확인할 수 있는 새로운 신용 평가 시스템을 구축했습니다.",transcripts/channels/AWS_Events/AWS_European_Sovereign_Cloud_–_Explained_AWS_Events__GbitrLroyMU.md
36,B,AWS Events,AWS European Sovereign Cloud – Explained | AWS Events,ok,이는 마케팅 약속이 아니라 명확하고 강제력 있는 주권 보장을 제공합니다 .,transcripts/channels/AWS_Events/AWS_European_Sovereign_Cloud_–_Explained_AWS_Events__GbitrLroyMU.md
36,B,AWS Events,AWS European Sovereign Cloud – Explained | AWS Events,ok,주권과 역량 사이에서 선택을 강요받아서는 안 됩니다.,transcripts/channels/AWS_Events/AWS_European_Sovereign_Cloud_–_Explained_AWS_Events__GbitrLroyMU.md
37,B,AWS Events,AWS Summit Bengaluru 2026: Innovators Edition Keynote | AWS Events,ok,저희는 AI를 활용하는 배송 회사에서 AI 기반 에이전트형 상거래 플랫폼으로 전환했습니다.,transcripts/channels/AWS_Events/AWS_Summit_Bengaluru_2026_Innovators_Edition_Keynote_AWS_Eve__CprBATdRoh0.md
37,B,AWS Events,AWS Summit Bengaluru 2026: Innovators Edition Keynote | AWS Events,ok,이건 실제로 AI가 발견하고 사용할 수 있도록 모든 표면을 재설계하는 걸 의미합니다 .,transcripts/channels/AWS_Events/AWS_Summit_Bengaluru_2026_Innovators_Edition_Keynote_AWS_Eve__CprBATdRoh0.md
37,B,AWS Events,AWS Summit Bengaluru 2026: Innovators Edition Keynote | AWS Events,ok,"저희 조직은 수십 년에 걸쳐 구축해 왔기 때문에 인재 관리 프로세스 전체가 다소 복잡해지고 원활하지 못하게 되었으며, 저희 사업에서 시간은 곧 돈입니다 .",transcripts/channels/AWS_Events/AWS_Summit_Bengaluru_2026_Innovators_Edition_Keynote_AWS_Eve__CprBATdRoh0.md
37,B,AWS Events,AWS Summit Bengaluru 2026: Innovators Edition Keynote | AWS Events,ok,Dhan은 Ko를 사용하여 거래 인터페이스를 개발했습니다 .,transcripts/channels/AWS_Events/AWS_Summit_Bengaluru_2026_Innovators_Edition_Keynote_AWS_Eve__CprBATdRoh0.md
37,B,AWS Events,AWS Summit Bengaluru 2026: Innovators Edition Keynote | AWS Events,ok,"하지만 솔직히 말해서, 목적 없는 규모 확장은 그저 또 하나의 통계 수치일 뿐입니다.",transcripts/channels/AWS_Events/AWS_Summit_Bengaluru_2026_Innovators_Edition_Keynote_AWS_Eve__CprBATdRoh0.md
38,B,AWS Events,AWS Summit Washington DC 2026 - Keynote | Amazon Web Services,ok,"제가 취임하기 전에는 기업 차원에서 새로운 기술을 도입하는 데 평균 24개월이 걸렸고, 보안 평가를 완료하는 데 추가로 9개월이 소요되었습니다.",transcripts/channels/AWS_Events/AWS_Summit_Washington_DC_2026_-_Keynote_Amazon_Web_Services__QGaPF8NsOE4.md
38,B,AWS Events,AWS Summit Washington DC 2026 - Keynote | Amazon Web Services,ok,"이 모든 내용이 마치 조직도를 다시 그린 것 같다고 들으신다면, 절대 그렇지 않다는 것을 약속드립니다 .",transcripts/channels/AWS_Events/AWS_Summit_Washington_DC_2026_-_Keynote_Amazon_Web_Services__QGaPF8NsOE4.md
38,B,AWS Events,AWS Summit Washington DC 2026 - Keynote | Amazon Web Services,ok,기업 AI의 95%는 실제 운영 단계에 도달하지 못합니다 .,transcripts/channels/AWS_Events/AWS_Summit_Washington_DC_2026_-_Keynote_Amazon_Web_Services__QGaPF8NsOE4.md
38,B,AWS Events,AWS Summit Washington DC 2026 - Keynote | Amazon Web Services,ok,"이제 문제는 AI나 기술을 도입할지 여부가 아니라, 어떻게 책임감 있게, 대규모로, 그리고 우리에게 의존하는 사람들에게 진정으로 도움이 되는 방식으로 도입을 이끌어갈 것인가입니다.",transcripts/channels/AWS_Events/AWS_Summit_Washington_DC_2026_-_Keynote_Amazon_Web_Services__QGaPF8NsOE4.md
38,B,AWS Events,AWS Summit Washington DC 2026 - Keynote | Amazon Web Services,ok,한 세대가 지나서야 공장주들은 엔진을 교체하는 것이 아니라 공장을 재설계해야 한다는 것을 깨달았습니다.,transcripts/channels/AWS_Events/AWS_Summit_Washington_DC_2026_-_Keynote_Amazon_Web_Services__QGaPF8NsOE4.md
39,B,Accenture,Top Banking Trends 2026 - Unconstrained Banking | Accenture,ok,그리고 그 비용은 기술 관련 시간의 70%가 단순히 오래된 시스템을 유지 관리하는 데 소요된다는 데서 발생합니다 .,transcripts/channels/Accenture/Top_Banking_Trends_2026_-_Unconstrained_Banking_Accenture__MWvdwSD3ZRc.md
39,B,Accenture,Top Banking Trends 2026 - Unconstrained Banking | Accenture,ok,"저는 그걸 과학 박람회 프로젝트라고 부르죠, 그렇죠?",transcripts/channels/Accenture/Top_Banking_Trends_2026_-_Unconstrained_Banking_Accenture__MWvdwSD3ZRc.md
39,B,Accenture,Top Banking Trends 2026 - Unconstrained Banking | Accenture,ok,"아니요, 제 생각에는 이 일을 제대로만 한다면 20만 명 규모의 은행이 될 겁니다.",transcripts/channels/Accenture/Top_Banking_Trends_2026_-_Unconstrained_Banking_Accenture__MWvdwSD3ZRc.md
39,B,Accenture,Top Banking Trends 2026 - Unconstrained Banking | Accenture,ok,그들은 이 기회를 은행이 DX 뱅킹에 대해 말했던 것과 같은 맥락으로 보고 있습니다.,transcripts/channels/Accenture/Top_Banking_Trends_2026_-_Unconstrained_Banking_Accenture__MWvdwSD3ZRc.md
39,B,Accenture,Top Banking Trends 2026 - Unconstrained Banking | Accenture,ok,그리고 그러한 획일적인 세상을 만들어내는 과정에서 은행들은 기능적으로는 올바르지만 감정적으로는 결여된 존재가 되었습니다.,transcripts/channels/Accenture/Top_Banking_Trends_2026_-_Unconstrained_Banking_Accenture__MWvdwSD3ZRc.md
40,B,Amazon Web Services,Leading AI Transformation: A Chief AI Officer's Perspective | Amazon Web Services,ok,저는 리도스의 포괄적인 AI 전략 실행을 이끌어갈 최고 AI 책임자(Chief AI Officer)라는 직책을 만드는 데 집중했습니다 .,transcripts/2026-07-18/Leading_AI_Transformation_A_Chief_AI_Officer's_Perspective_A__LblTPS1LnLc.md
40,B,Amazon Web Services,Leading AI Transformation: A Chief AI Officer's Perspective | Amazon Web Services,ok,이 일을 제대로 하면서 깨달은 점 중 하나는 회사 내 모든 AI 자원을 내가 독점할 수는 없다는 것입니다 .,transcripts/2026-07-18/Leading_AI_Transformation_A_Chief_AI_Officer's_Perspective_A__LblTPS1LnLc.md
40,B,Amazon Web Services,Leading AI Transformation: A Chief AI Officer's Perspective | Amazon Web Services,ok,하지만 소프트웨어 개발자의 효율성이 30~40% 향상된다고 해서 개발자 수를 30~40% 줄일 수 있다는 뜻일까요?,transcripts/2026-07-18/Leading_AI_Transformation_A_Chief_AI_Officer's_Perspective_A__LblTPS1LnLc.md
40,B,Amazon Web Services,Leading AI Transformation: A Chief AI Officer's Perspective | Amazon Web Services,ok,실제로 대규모로 이 작업을 진행해 보니 개발자들이 코딩 도우미를 활용하여 코딩하는 데 더 많은 시간을 할애하는 것을 발견했습니다 .,transcripts/2026-07-18/Leading_AI_Transformation_A_Chief_AI_Officer's_Perspective_A__LblTPS1LnLc.md
40,B,Amazon Web Services,Leading AI Transformation: A Chief AI Officer's Perspective | Amazon Web Services,ok,위험도가 낮은 AI 활용 사례에 거버넌스 관심과 자원을 집중하지 마십시오.,transcripts/2026-07-18/Leading_AI_Transformation_A_Chief_AI_Officer's_Perspective_A__LblTPS1LnLc.md
41,B,Anthropic,How AbbVie accelerates drug discovery with Claude,ok,"네, 현재 AI 전략 및 파트너십이라는 새로운 직무를 개발하는 데 참여하고 있습니다 .",transcripts/channels/Anthropic/How_AbbVie_accelerates_drug_discovery_with_Claude__NfoFdsc2ODQ.md
41,B,Anthropic,How AbbVie accelerates drug discovery with Claude,ok,"Gaia를 통해 대규모 언어 모델을 활용하여 NDA 및 PSUR 문서를 시작으로 수천 가지의 다양한 연구 문서 작성을 자동화하고 있으며, 이를 통해 시간 절약 측면에서 약 40~60%의 효율성을 달성했습니다 .",transcripts/channels/Anthropic/How_AbbVie_accelerates_drug_discovery_with_Claude__NfoFdsc2ODQ.md
41,B,Anthropic,How AbbVie accelerates drug discovery with Claude,ok,"그래서 우리는 사람과 프로세스에 집중하는 것이 기술적 결정만큼이나 중요하며, 대기업 에서 진정한 AI 혁신을 이끌어내는 데 필수적이라는 것을 알게 되었습니다 .",transcripts/channels/Anthropic/How_AbbVie_accelerates_drug_discovery_with_Claude__NfoFdsc2ODQ.md
41,B,Anthropic,How AbbVie accelerates drug discovery with Claude,ok,각 부서에 소규모 AI 팀을 구성하여 해당 분야에서 AI 혁신을 이끌어가는 진정한 주역으로 자리매김하도록 지원하고 있습니다.,transcripts/channels/Anthropic/How_AbbVie_accelerates_drug_discovery_with_Claude__NfoFdsc2ODQ.md
41,B,Anthropic,How AbbVie accelerates drug discovery with Claude,ok,"제가 생각하기에 우리가 많이 고민하는 것 중 하나는 아무런 조치를 취하지 않을 경우 의 위험이 너무 크다는 것이고, 많은 기업들이 그러한 위험을 감수하려 하지 않을 거라고 생각합니다.",transcripts/channels/Anthropic/How_AbbVie_accelerates_drug_discovery_with_Claude__NfoFdsc2ODQ.md
42,B,Anthropic,What does AI mean for education?,ok,47% of the student interactions on Claude were very direct transactional types of interactions with little engagements,transcripts/channels/Anthropic/What_does_AI_mean_for_education__Uh98_aGhAuY.md
42,B,Anthropic,What does AI mean for education?,ok,It took us about two weeks from start to finish and it was amazing,transcripts/channels/Anthropic/What_does_AI_mean_for_education__Uh98_aGhAuY.md
42,B,Anthropic,What does AI mean for education?,ok,we would much rather teach a million people to not use AI than like watch a billion people to become dependent on the technology,transcripts/channels/Anthropic/What_does_AI_mean_for_education__Uh98_aGhAuY.md
42,B,Anthropic,What does AI mean for education?,ok,every institution feels an immense amount of pressure to just do something with AI instead of doing nothing,transcripts/channels/Anthropic/What_does_AI_mean_for_education__Uh98_aGhAuY.md
42,B,Anthropic,What does AI mean for education?,ok,"it's an institutional problem, not necessarily a human, I guess motivation problem",transcripts/channels/Anthropic/What_does_AI_mean_for_education__Uh98_aGhAuY.md
43,B,Boston Consulting Group,"With 180 Years of Reinvention, Pearson Takes on the AI Era",ok,180년 된 음악 회사를 어떻게 하면 계속해서 관련성을 유지할 수 있을까요?,"transcripts/channels/Boston_Consulting_Group/With_180_Years_of_Reinvention,_Pearson_Takes_on_the_AI_Era__YBe0oiv01N0.md"
43,B,Boston Consulting Group,"With 180 Years of Reinvention, Pearson Takes on the AI Era",ok,"우리는 종종 부서별로는 녹색이지만, 전체적으로는 빨간색이다.","transcripts/channels/Boston_Consulting_Group/With_180_Years_of_Reinvention,_Pearson_Takes_on_the_AI_Era__YBe0oiv01N0.md"
43,B,Boston Consulting Group,"With 180 Years of Reinvention, Pearson Takes on the AI Era",ok,"우리 회사에는 5,500개의 직책이 있었고, 17,000명의 직원 중에서 1,500개가 넘는 직무가 있었습니다.","transcripts/channels/Boston_Consulting_Group/With_180_Years_of_Reinvention,_Pearson_Takes_on_the_AI_Era__YBe0oiv01N0.md"
43,B,Boston Consulting Group,"With 180 Years of Reinvention, Pearson Takes on the AI Era",ok,그래서 CEO는 최고 학습 책임자인 것입니다.,"transcripts/channels/Boston_Consulting_Group/With_180_Years_of_Reinvention,_Pearson_Takes_on_the_AI_Era__YBe0oiv01N0.md"
43,B,Boston Consulting Group,"With 180 Years of Reinvention, Pearson Takes on the AI Era",ok,저는 AI로 인한 일자리 붕괴라는 비관적인 전망을 믿지 않습니다.,"transcripts/channels/Boston_Consulting_Group/With_180_Years_of_Reinvention,_Pearson_Takes_on_the_AI_Era__YBe0oiv01N0.md"
44,B,Cerebras,Cerebras CISO Naor Penso on AI Security & The CrowdStrike Partnership,ok,"그리고 현실은 만약 모든 사람이 건축업자라면, 대부분의 사람들은 건축 법규를 제대로 이해하지 못한다는 것입니다.",transcripts/channels/Cerebras/Cerebras_CISO_Naor_Penso_on_AI_Security_&_The_CrowdStrike_Pa__sD2kVXOfhLs.md
44,B,Cerebras,Cerebras CISO Naor Penso on AI Security & The CrowdStrike Partnership,ok,최근 공격자가 에이전트에 대해 예상치 못한 쿼리를 실행하여 에이전트가 비밀 키 등을 무단으로 전송하는 사례가 발생했습니다.,transcripts/channels/Cerebras/Cerebras_CISO_Naor_Penso_on_AI_Security_&_The_CrowdStrike_Pa__sD2kVXOfhLs.md
44,B,Cerebras,Cerebras CISO Naor Penso on AI Security & The CrowdStrike Partnership,ok,제가 CISO로 부임하면서 내린 결정 중 가장 쉬운 결정 중 하나였습니다,transcripts/channels/Cerebras/Cerebras_CISO_Naor_Penso_on_AI_Security_&_The_CrowdStrike_Pa__sD2kVXOfhLs.md
44,B,Cerebras,Cerebras CISO Naor Penso on AI Security & The CrowdStrike Partnership,ok,오늘날 인공지능은 우리가 규모를 확장할 수 있는 유일한 현실적인 방법입니다.,transcripts/channels/Cerebras/Cerebras_CISO_Naor_Penso_on_AI_Security_&_The_CrowdStrike_Pa__sD2kVXOfhLs.md
44,B,Cerebras,Cerebras CISO Naor Penso on AI Security & The CrowdStrike Partnership,ok,시큐어웍스와 크라우드스트라이크의 파트너십 발표가 있었는데,transcripts/channels/Cerebras/Cerebras_CISO_Naor_Penso_on_AI_Security_&_The_CrowdStrike_Pa__sD2kVXOfhLs.md
45,B,Cohere,Nikhil Pentapalli - Crafting a Successful AI Career & Transitioning Research into Scalable AI Produc,ok,훌륭한 연구 모델이 반드시 훌륭한 제품으로 이어지는 것은 아닙니다.,transcripts/channels/Cohere/Nikhil_Pentapalli_-_Crafting_a_Successful_AI_Career_&_Transi__IExfnhecorw.md
45,B,Cohere,Nikhil Pentapalli - Crafting a Successful AI Career & Transitioning Research into Scalable AI Produc,ok,"동일한 모델을 사용하여 결과를 생성하고, 동일한 모델을 사용하여 평가하는 경우 항상 편향이 발생할 수밖에 없습니다.",transcripts/channels/Cohere/Nikhil_Pentapalli_-_Crafting_a_Successful_AI_Career_&_Transi__IExfnhecorw.md
45,B,Cohere,Nikhil Pentapalli - Crafting a Successful AI Career & Transitioning Research into Scalable AI Produc,ok,입력 보호 기능은 업계에서 매우 중요한 개인 식별 정보(PII) 처리와 관련된 문제를 해결해 줄 것입니다.,transcripts/channels/Cohere/Nikhil_Pentapalli_-_Crafting_a_Successful_AI_Career_&_Transi__IExfnhecorw.md
45,B,Cohere,Nikhil Pentapalli - Crafting a Successful AI Career & Transitioning Research into Scalable AI Produc,ok,그래서 조직 내에서 많은 저항에 부딪힐 겁니다.,transcripts/channels/Cohere/Nikhil_Pentapalli_-_Crafting_a_Successful_AI_Career_&_Transi__IExfnhecorw.md
46,B,Cole Medin,The Complete AI Transformation Blueprint - Live Workshop,ok,60% of your day goes to work about work.,transcripts/2026-07-21/The_Complete_AI_Transformation_Blueprint_-_Live_Workshop__OcTMwjqje5Q.md
46,B,Cole Medin,The Complete AI Transformation Blueprint - Live Workshop,ok,we have 13 humans that each one might have 30 agents working for them,transcripts/2026-07-21/The_Complete_AI_Transformation_Blueprint_-_Live_Workshop__OcTMwjqje5Q.md
46,B,Cole Medin,The Complete AI Transformation Blueprint - Live Workshop,ok,"Autonomy is not where you start, it's where you arrive.",transcripts/2026-07-21/The_Complete_AI_Transformation_Blueprint_-_Live_Workshop__OcTMwjqje5Q.md
46,B,Cole Medin,The Complete AI Transformation Blueprint - Live Workshop,ok,he built a penthouse on a vacant lot,transcripts/2026-07-21/The_Complete_AI_Transformation_Blueprint_-_Live_Workshop__OcTMwjqje5Q.md
47,B,Cresta,Deploying AI Agents In The Enterprise,ok,"핑, 크레스타의 CEO로 2~3년 정도 재직하셨는데",transcripts/2026-08-03/Deploying_AI_Agents_In_The_Enterprise__cKGyiwsm66I.md
47,B,Cresta,Deploying AI Agents In The Enterprise,ok,망치로 모든 것을 못처럼 다루려 해서는 안 되죠.,transcripts/2026-08-03/Deploying_AI_Agents_In_The_Enterprise__cKGyiwsm66I.md
47,B,Cresta,Deploying AI Agents In The Enterprise,ok,AI 에이전트는 마치 블랙박스처럼 느껴지는 경우가 많습니다.,transcripts/2026-08-03/Deploying_AI_Agents_In_The_Enterprise__cKGyiwsm66I.md
47,B,Cresta,Deploying AI Agents In The Enterprise,ok,교육을 받는 상담원 중 30%가 교육 과정이 끝나기도 전에 퇴사합니다.,transcripts/2026-08-03/Deploying_AI_Agents_In_The_Enterprise__cKGyiwsm66I.md
47,B,Cresta,Deploying AI Agents In The Enterprise,ok,"기업이 자체 CRM을 구축하는 것이 경제적이지 않은 것처럼, AI 에이전트를 직접 개발하는 것도 사실상 경제적이지 않습니다.",transcripts/2026-08-03/Deploying_AI_Agents_In_The_Enterprise__cKGyiwsm66I.md
48,B,Databricks,"Ali Ghodsi, Co-founder and CEO, Databricks kicks off Data + AI Summit 2026",ok,그래서 AGI는 이미 우리 곁에 있습니다.,"transcripts/channels/Databricks/Ali_Ghodsi,_Co-founder_and_CEO,_Databricks_kicks_off_Data_+___M_rlJXln5KE.md"
48,B,Databricks,"Ali Ghodsi, Co-founder and CEO, Databricks kicks off Data + AI Summit 2026",ok,"AI는 지능에 문제가 있는 것이 아니라, 맥락에 문제가 있는 것입니다.","transcripts/channels/Databricks/Ali_Ghodsi,_Co-founder_and_CEO,_Databricks_kicks_off_Data_+___M_rlJXln5KE.md"
48,B,Databricks,"Ali Ghodsi, Co-founder and CEO, Databricks kicks off Data + AI Summit 2026",ok,우버 CEO는 한 분기 만에 연간 AI 예산을 모두 소진했다고 밝혔습니다,"transcripts/channels/Databricks/Ali_Ghodsi,_Co-founder_and_CEO,_Databricks_kicks_off_Data_+___M_rlJXln5KE.md"
48,B,Databricks,"Ali Ghodsi, Co-founder and CEO, Databricks kicks off Data + AI Summit 2026",ok,최첨단 모델의 수명이 1개월밖에 되지 않기 때문입니다.,"transcripts/channels/Databricks/Ali_Ghodsi,_Co-founder_and_CEO,_Databricks_kicks_off_Data_+___M_rlJXln5KE.md"
49,B,Databricks,"Unscripted: How Banks & Insurers Grow with Data, AI Agents and Open Ecosystems",ok,AI를 어떤 규모로든 도입하고 있는 기업은 10%에 불과하며,"transcripts/channels/Databricks/Unscripted_How_Banks_&_Insurers_Grow_with_Data,_AI_Agents_an__Vy5oNJgPdyQ.md"
49,B,Databricks,"Unscripted: How Banks & Insurers Grow with Data, AI Agents and Open Ecosystems",ok,"신규 예금은 10% 증가했고, 다양한 금융 상품을 이용하는 가구는 20% 증가했습니다.","transcripts/channels/Databricks/Unscripted_How_Banks_&_Insurers_Grow_with_Data,_AI_Agents_an__Vy5oNJgPdyQ.md"
49,B,Databricks,"Unscripted: How Banks & Insurers Grow with Data, AI Agents and Open Ecosystems",ok,우리는 우리가 모르는 것을 모른다.,"transcripts/channels/Databricks/Unscripted_How_Banks_&_Insurers_Grow_with_Data,_AI_Agents_an__Vy5oNJgPdyQ.md"
49,B,Databricks,"Unscripted: How Banks & Insurers Grow with Data, AI Agents and Open Ecosystems",ok,업계 연구에 따르면,"transcripts/channels/Databricks/Unscripted_How_Banks_&_Insurers_Grow_with_Data,_AI_Agents_an__Vy5oNJgPdyQ.md"
50,B,Google Cloud Tech,Beyond the hype: Orchestrating end-to-end developer workflows with agents,ok,실제로 가트너에 따르면 2030년까지 AI 기반 개발 플랫폼 덕분에 조직의 80%가 대규모 소프트웨어 엔지니어링 팀을 AI로 강화된 더 작고 민첩한 팀으로 전환할 것이라고 합니다.,transcripts/channels/Google_Cloud_Tech/Beyond_the_hype_Orchestrating_end-to-end_developer_workflows__t6jH_GPFqgs.md
50,B,Google Cloud Tech,Beyond the hype: Orchestrating end-to-end developer workflows with agents,ok,"소프트웨어 측면에서 보면, 이는 엄격한 규제 환경 에서 수백만 줄에 달하는 레거시 코드를 관리한다는 의미입니다",transcripts/channels/Google_Cloud_Tech/Beyond_the_hype_Orchestrating_end-to-end_developer_workflows__t6jH_GPFqgs.md
50,B,Google Cloud Tech,Beyond the hype: Orchestrating end-to-end developer workflows with agents,ok,작년에 우리는 대규모 그룹에서 벗어나 4~5명으로 구성된 작고 집중도 높은 팀을 만들었습니다.,transcripts/channels/Google_Cloud_Tech/Beyond_the_hype_Orchestrating_end-to-end_developer_workflows__t6jH_GPFqgs.md
50,B,Google Cloud Tech,Beyond the hype: Orchestrating end-to-end developer workflows with agents,ok,우리는 다른 부서에서 통합 지점을 검증할 때까지 팀 간 긴 티켓 대기열에서 기다릴 필요가 없었습니다.,transcripts/channels/Google_Cloud_Tech/Beyond_the_hype_Orchestrating_end-to-end_developer_workflows__t6jH_GPFqgs.md
51,B,Google Cloud Tech,Building enterprise-grade AI agents: How enterprises scale business with Agentic AI on Google Cloud,ok,"believe it or not, AI is not an outcome. It's an enabler, right?",transcripts/channels/Google_Cloud_Tech/Building_enterprise-grade_AI_agents_How_enterprises_scale_bu__3vf9eL-LKUY.md
51,B,Google Cloud Tech,Building enterprise-grade AI agents: How enterprises scale business with Agentic AI on Google Cloud,ok,we actually have an uh process called our architecture review board where every use case goes through,transcripts/channels/Google_Cloud_Tech/Building_enterprise-grade_AI_agents_How_enterprises_scale_bu__3vf9eL-LKUY.md
51,B,Google Cloud Tech,Building enterprise-grade AI agents: How enterprises scale business with Agentic AI on Google Cloud,ok,"we're saving just over 200,000 hours human hours a year validating all of our promos every day",transcripts/channels/Google_Cloud_Tech/Building_enterprise-grade_AI_agents_How_enterprises_scale_bu__3vf9eL-LKUY.md
52,B,Hugging Face,The Power of Open Source: Building Giants in the Open,ok,저희는 초창기부터 GitHub 스타 수가 엄청나게 증가했습니다.,transcripts/channels/Hugging_Face/The_Power_of_Open_Source_Building_Giants_in_the_Open__aNCLqvTCxeg.md
52,B,Hugging Face,The Power of Open Source: Building Giants in the Open,ok,데이터 전략 없이는 AI 전략이 없다는 것입니다.,transcripts/channels/Hugging_Face/The_Power_of_Open_Source_Building_Giants_in_the_Open__aNCLqvTCxeg.md
52,B,Hugging Face,The Power of Open Source: Building Giants in the Open,ok,소프트웨어 보급 확산에 도움이 되는 자료는 오픈소스여야 한다고 생각합니다,transcripts/channels/Hugging_Face/The_Power_of_Open_Source_Building_Giants_in_the_Open__aNCLqvTCxeg.md
52,B,Hugging Face,The Power of Open Source: Building Giants in the Open,ok,오픈 소스는 독점 모델을 가진 회사들이 정직하게 운영되도록 하는 데 엄청난 역할을 하고 있다는 점입니다.,transcripts/channels/Hugging_Face/The_Power_of_Open_Source_Building_Giants_in_the_Open__aNCLqvTCxeg.md
53,B,Intel,AI That Moves the World keynote | Intel,ok,"지난 10년간 당사의 업스트림 기여도는 AMD, 퀄컴, 엔비디아를 합친 것보다 더 커졌습니다.",transcripts/channels/Intel/AI_That_Moves_the_World_keynote_Intel__JzZQTYCuxkM.md
53,B,Intel,AI That Moves the World keynote | Intel,ok,우리는 이미 40개 파트너사를 통해 80개 이상의 솔루션을 확보하고 있습니다,transcripts/channels/Intel/AI_That_Moves_the_World_keynote_Intel__JzZQTYCuxkM.md
53,B,Intel,AI That Moves the World keynote | Intel,ok,오늘날 산업 환경에서는 성능 저하 없이 타협 없는 신뢰성이 요구됩니다,transcripts/channels/Intel/AI_That_Moves_the_World_keynote_Intel__JzZQTYCuxkM.md
53,B,Intel,AI That Moves the World keynote | Intel,ok,저는 속은 인텔이고 감정적으로는 100% 오버클럭된 상태입니다.,transcripts/channels/Intel/AI_That_Moves_the_World_keynote_Intel__JzZQTYCuxkM.md
54,B,Intel,"AI’s Next Frontier: Human Collaboration, Data Strategy, and Scale | Intel",ok,수년 동안 모든 사람들은 디지털 전환을 위해서는 데이터 환경을 제대로 정비하는 것이 매우 중요하다는 것을 알고 있었습니다,"transcripts/channels/Intel/AI’s_Next_Frontier_Human_Collaboration,_Data_Strategy,_and_S__hFTRv3Va5IE.md"
54,B,Intel,"AI’s Next Frontier: Human Collaboration, Data Strategy, and Scale | Intel",ok,데이터는 제품처럼 관리해야 하는 살아있는 전략적 자산입니다.,"transcripts/channels/Intel/AI’s_Next_Frontier_Human_Collaboration,_Data_Strategy,_and_S__hFTRv3Va5IE.md"
54,B,Intel,"AI’s Next Frontier: Human Collaboration, Data Strategy, and Scale | Intel",ok,그들이 자신들의 비즈니스 프로세스가 바로 데이터 공장이라는 사실을 알았으면 좋겠습니다.,"transcripts/channels/Intel/AI’s_Next_Frontier_Human_Collaboration,_Data_Strategy,_and_S__hFTRv3Va5IE.md"
54,B,Intel,"AI’s Next Frontier: Human Collaboration, Data Strategy, and Scale | Intel",ok,가장 중요한 새로운 역할은 회사가 보유하게 될 중간 관리자급 역할에 있습니다.,"transcripts/channels/Intel/AI’s_Next_Frontier_Human_Collaboration,_Data_Strategy,_and_S__hFTRv3Va5IE.md"
55,B,Intel,Federated Learning: A New Era of Collaboration for Pharma | InTechnology | Intel,ok,"현재 하나의 신약이 시장에 출시되기까지 16년이 소요되며, 투자액은 약 40억 달러에 달합니다.",transcripts/channels/Intel/Federated_Learning_A_New_Era_of_Collaboration_for_Pharma_InT___lhB9Zo915c.md
55,B,Intel,Federated Learning: A New Era of Collaboration for Pharma | InTechnology | Intel,ok,"초기 단계에서는 지적 재산권 문제가, 후기 단계에서는 개인정보 보호 문제로 공유가 어려워지지만, 어쨌든 어떤 데이터도 공유할 수 없습니다.",transcripts/channels/Intel/Federated_Learning_A_New_Era_of_Collaboration_for_Pharma_InT___lhB9Zo915c.md
55,B,Intel,Federated Learning: A New Era of Collaboration for Pharma | InTechnology | Intel,ok,"즉, 데이터를 모델로 옮기는 대신 모델을 데이터로 옮기는 것입니다.",transcripts/channels/Intel/Federated_Learning_A_New_Era_of_Collaboration_for_Pharma_InT___lhB9Zo915c.md
55,B,Intel,Federated Learning: A New Era of Collaboration for Pharma | InTechnology | Intel,ok,우리는 정밀 의학에서 정밀 분자로 나아가야 합니다.,transcripts/channels/Intel/Federated_Learning_A_New_Era_of_Collaboration_for_Pharma_InT___lhB9Zo915c.md
56,B,Intel,Graph Technology Meets GenAI: A Neo4j Perspective | Intel,ok,예전에는 며칠씩 걸리던 일을 이제는 4분도 안 걸려서 해낸다.,transcripts/channels/Intel/Graph_Technology_Meets_GenAI_A_Neo4j_Perspective_Intel__7pdMtkezuVI.md
56,B,Intel,Graph Technology Meets GenAI: A Neo4j Perspective | Intel,ok,"그들은 지식 그래프와 AI, 즉 에이전트형 AI를 기반으로 하는 새로운 애플리케이션, 즉 우리가 '최신 지능형 앱'이라고 부르는 앱을 개발하는 것만으로 1,200개의 앱을 없앴습니다.",transcripts/channels/Intel/Graph_Technology_Meets_GenAI_A_Neo4j_Perspective_Intel__7pdMtkezuVI.md
56,B,Intel,Graph Technology Meets GenAI: A Neo4j Perspective | Intel,ok,호기심에서 절박함으로 바뀌었죠.,transcripts/channels/Intel/Graph_Technology_Meets_GenAI_A_Neo4j_Perspective_Intel__7pdMtkezuVI.md
56,B,Intel,Graph Technology Meets GenAI: A Neo4j Perspective | Intel,ok,지식 그래프를 구축하면 조직 내 사일로가 허물어집니다.,transcripts/channels/Intel/Graph_Technology_Meets_GenAI_A_Neo4j_Perspective_Intel__7pdMtkezuVI.md
57,B,Intel,Inside the AI-Powered Workplace: How Intel Sees the Future of PCs and Workstations | Intel,ok,이제 단순히 속도만 중요한 게 아닙니다.,transcripts/channels/Intel/Inside_the_AI-Powered_Workplace_How_Intel_Sees_the_Future_of__F-_ZQo52sTQ.md
57,B,Intel,Inside the AI-Powered Workplace: How Intel Sees the Future of PCs and Workstations | Intel,ok,직원들이 반복적인 업무보다는 더 가치 있는 전략적 업무에 집중할 수 있도록 해줍니다,transcripts/channels/Intel/Inside_the_AI-Powered_Workplace_How_Intel_Sees_the_Future_of__F-_ZQo52sTQ.md
57,B,Intel,Inside the AI-Powered Workplace: How Intel Sees the Future of PCs and Workstations | Intel,ok,AI 기반 기기가 많아질수록 취약점도 함께 증가할 것입니다.,transcripts/channels/Intel/Inside_the_AI-Powered_Workplace_How_Intel_Sees_the_Future_of__F-_ZQo52sTQ.md
57,B,Intel,Inside the AI-Powered Workplace: How Intel Sees the Future of PCs and Workstations | Intel,ok,성과 중심에서 벗어나 AI 기반의 확장 가능한 협업 인프라를 강조하는 플랫폼 중심 전략으로 초점을 옮겨야 한다,transcripts/channels/Intel/Inside_the_AI-Powered_Workplace_How_Intel_Sees_the_Future_of__F-_ZQo52sTQ.md
57,B,Intel,Inside the AI-Powered Workplace: How Intel Sees the Future of PCs and Workstations | Intel,ok,"성공 여부는 안전한 AI, 윤리적 거버넌스, 그리고 앞으로 닥칠 도전에 대비할 수 있는 인력에 대한 투자에 달려 있습니다.",transcripts/channels/Intel/Inside_the_AI-Powered_Workplace_How_Intel_Sees_the_Future_of__F-_ZQo52sTQ.md
58,B,Intel,Intel’s Whole Vehicle Advantage to SDV | Intel,ok,software defined is a mindset it's an architectural philosophy,transcripts/channels/Intel/Intel’s_Whole_Vehicle_Advantage_to_SDV_Intel__qmIFB8MC7bM.md
58,B,Intel,Intel’s Whole Vehicle Advantage to SDV | Intel,ok,an immediate $40 to $70 bomb savings per vehicle,transcripts/channels/Intel/Intel’s_Whole_Vehicle_Advantage_to_SDV_Intel__qmIFB8MC7bM.md
58,B,Intel,Intel’s Whole Vehicle Advantage to SDV | Intel,ok,80% reduction in ecus 60% reduction wiring harness length,transcripts/channels/Intel/Intel’s_Whole_Vehicle_Advantage_to_SDV_Intel__qmIFB8MC7bM.md
58,B,Intel,Intel’s Whole Vehicle Advantage to SDV | Intel,ok,data center expertise in virtualization and or orchestration and containers,transcripts/channels/Intel/Intel’s_Whole_Vehicle_Advantage_to_SDV_Intel__qmIFB8MC7bM.md
58,B,Intel,Intel’s Whole Vehicle Advantage to SDV | Intel,ok,we don't believe that it makes sense for STV architecture to be wholly proprietary,transcripts/channels/Intel/Intel’s_Whole_Vehicle_Advantage_to_SDV_Intel__qmIFB8MC7bM.md
59,B,Intel,Personalized Marketing: How Movable Ink Delivers with AI and Automation | InTechnology | Intel,ok,오늘날 여러분이 받는 이메일은 대부분 4~6개월 전에 기획되었을 가능성이 높으며,transcripts/channels/Intel/Personalized_Marketing_How_Movable_Ink_Delivers_with_AI_and___22EBTikBULk.md
59,B,Intel,Personalized Marketing: How Movable Ink Delivers with AI and Automation | InTechnology | Intel,ok,저희와 함께하는 평균 고객은 매출과 전환율이 20% 이상 향상되는 것을 경험합니다.,transcripts/channels/Intel/Personalized_Marketing_How_Movable_Ink_Delivers_with_AI_and___22EBTikBULk.md
59,B,Intel,Personalized Marketing: How Movable Ink Delivers with AI and Automation | InTechnology | Intel,ok,"빅토리아 시크릿은 Da Vinci를 도입하여 고객 여정의 흐름을 파악하고, 단 몇 주 만에 개인화 효과를 보기 시작했습니다.",transcripts/channels/Intel/Personalized_Marketing_How_Movable_Ink_Delivers_with_AI_and___22EBTikBULk.md
59,B,Intel,Personalized Marketing: How Movable Ink Delivers with AI and Automation | InTechnology | Intel,ok,저희 소프트웨어에는 신뢰 계층이 있습니다.,transcripts/channels/Intel/Personalized_Marketing_How_Movable_Ink_Delivers_with_AI_and___22EBTikBULk.md
59,B,Intel,Personalized Marketing: How Movable Ink Delivers with AI and Automation | InTechnology | Intel,ok,많은 기업들이 자사 제품에 GPT를 접목시키고는 하룻밤 사이에 AI 기업이 되었다고 주장하지만,transcripts/channels/Intel/Personalized_Marketing_How_Movable_Ink_Delivers_with_AI_and___22EBTikBULk.md
60,B,Kore.ai,Agentic AI Adoption Secrets You Need to Know Now,ok,"관찰하고, 계획하고, 실행하라.",transcripts/2026-07-26/Agentic_AI_Adoption_Secrets_You_Need_to_Know_Now__-0V6XUskt-k.md
60,B,Kore.ai,Agentic AI Adoption Secrets You Need to Know Now,ok,스웨드뱅크는 자금세탁 방지 분야에서 생성적 적대 신경망(GAN)을 유사하게 활용하여 연간 1억 5천만 달러를 절감하고 있습니다.,transcripts/2026-07-26/Agentic_AI_Adoption_Secrets_You_Need_to_Know_Now__-0V6XUskt-k.md
60,B,Kore.ai,Agentic AI Adoption Secrets You Need to Know Now,ok,규모 면에서 그 가치를 실현하는 기업은 약 25%에 불과합니다,transcripts/2026-07-26/Agentic_AI_Adoption_Secrets_You_Need_to_Know_Now__-0V6XUskt-k.md
60,B,Kore.ai,Agentic AI Adoption Secrets You Need to Know Now,ok,생산성을 높여줄 도구를 만들려고 애쓰다 보니 오히려 생산성이 떨어지고 있습니다.,transcripts/2026-07-26/Agentic_AI_Adoption_Secrets_You_Need_to_Know_Now__-0V6XUskt-k.md
60,B,Kore.ai,Agentic AI Adoption Secrets You Need to Know Now,ok,"역설적이게도 기업이 AI를 확장하는 데 도움이 되는 것은 거버넌스이지, 오히려 AI 확장을 방해하는 요소가 아니라는 점",transcripts/2026-07-26/Agentic_AI_Adoption_Secrets_You_Need_to_Know_Now__-0V6XUskt-k.md
61,B,Kotter International Inc,Why AI Projects Fail: Lessons from the US Army & Kotter | Kotter Webinar,ok,측정 기준이 목표가 되면 더 이상 좋은 측정 기준이 되지 못한다.,transcripts/2026-08-03/Why_AI_Projects_Fail_Lessons_from_the_US_Army_&_Kotter_Kotte__jfpIvZy89UM.md
61,B,Kotter International Inc,Why AI Projects Fail: Lessons from the US Army & Kotter | Kotter Webinar,ok,"생성형 AI 도구, 에이전트, 이해 관계자와 주제 연결을 위한 지식 그래프를 결합하여 출판물 처리 방식을 완전히 개편하는 것입니다",transcripts/2026-08-03/Why_AI_Projects_Fail_Lessons_from_the_US_Army_&_Kotter_Kotte__jfpIvZy89UM.md
61,B,Kotter International Inc,Why AI Projects Fail: Lessons from the US Army & Kotter | Kotter Webinar,ok,"AI 전략 자체가 아니라, AI를 어떻게 활용하여 우리의 전략을 지원하느냐입니다.",transcripts/2026-08-03/Why_AI_Projects_Fail_Lessons_from_the_US_Army_&_Kotter_Kotte__jfpIvZy89UM.md
61,B,Kotter International Inc,Why AI Projects Fail: Lessons from the US Army & Kotter | Kotter Webinar,ok,거의 항상 인간적인 문제입니다.,transcripts/2026-08-03/Why_AI_Projects_Fail_Lessons_from_the_US_Army_&_Kotter_Kotte__jfpIvZy89UM.md
61,B,Kotter International Inc,Why AI Projects Fail: Lessons from the US Army & Kotter | Kotter Webinar,ok,기본적인 업무 처리 능력만 가르치는 입문 단계 직무들이 자동화되면서 점점 사라지고 있기 때문입니다.,transcripts/2026-08-03/Why_AI_Projects_Fail_Lessons_from_the_US_Army_&_Kotter_Kotte__jfpIvZy89UM.md
62,B,McKinsey & Company,Agentic AI and the Future of Travel: What executives need to know,ok,연초 대비 웹 트래픽이 15% 감소한 것을 보여줍니다,transcripts/channels/McKinsey_&_Company/Agentic_AI_and_the_Future_of_Travel_What_executives_need_to___dmKFLspjYNw.md
62,B,McKinsey & Company,Agentic AI and the Future of Travel: What executives need to know,ok,"하지만 우리는 아직 사업 의 한 부분을 완전히, 처음부터 끝까지 재구상한 모습을 보지는 못하고 있습니다",transcripts/channels/McKinsey_&_Company/Agentic_AI_and_the_Future_of_Travel_What_executives_need_to___dmKFLspjYNw.md
62,B,McKinsey & Company,Agentic AI and the Future of Travel: What executives need to know,ok,우리는 인공지능이 손익계산서를 제외한 모든 곳에 있다고 말하곤 합니다,transcripts/channels/McKinsey_&_Company/Agentic_AI_and_the_Future_of_Travel_What_executives_need_to___dmKFLspjYNw.md
62,B,McKinsey & Company,Agentic AI and the Future of Travel: What executives need to know,ok,"이제 두 피자 팀 이야기는 그만하고, 한 피자 팀이나 아예 피자 팀이 없는 시대가 됐어요.",transcripts/channels/McKinsey_&_Company/Agentic_AI_and_the_Future_of_Travel_What_executives_need_to___dmKFLspjYNw.md
62,B,McKinsey & Company,Agentic AI and the Future of Travel: What executives need to know,ok,"변화 관리가 진정으로 필요한 것이며, 이는 기술 투자보다 훨씬 더 어려운 과제가 될 수 있다고 생각합니다",transcripts/channels/McKinsey_&_Company/Agentic_AI_and_the_Future_of_Travel_What_executives_need_to___dmKFLspjYNw.md
63,B,McKinsey & Company,Agentic AI and the future of Global Business Services,ok,그러니까 AI가 GBS를 아직 대체하지는 않았다는 거죠. 실제로는 그것을 증강시키는 것입니다.,transcripts/channels/McKinsey_&_Company/Agentic_AI_and_the_future_of_Global_Business_Services__LuHGabkzlGU.md
63,B,McKinsey & Company,Agentic AI and the future of Global Business Services,ok,"궁극적으로 GBS가 현재보다 20~ 30% 더 작아지겠지만, 생산성은 훨씬 더 높아질 것이라고 믿습니다",transcripts/channels/McKinsey_&_Company/Agentic_AI_and_the_future_of_Global_Business_Services__LuHGabkzlGU.md
63,B,McKinsey & Company,Agentic AI and the future of Global Business Services,ok,"너무 작게 시작하지도 말고, 너무 크게 시작하지도 마세요",transcripts/channels/McKinsey_&_Company/Agentic_AI_and_the_future_of_Global_Business_Services__LuHGabkzlGU.md
63,B,McKinsey & Company,Agentic AI and the future of Global Business Services,ok,피라미드형 인재 모델에서 벗어나 다이아몬드형 인재 모델로 전환하는 것이 향후 몇 년 동안 우리가 예상하는 모습입니다.,transcripts/channels/McKinsey_&_Company/Agentic_AI_and_the_future_of_Global_Business_Services__LuHGabkzlGU.md
63,B,McKinsey & Company,Agentic AI and the future of Global Business Services,ok,개인적으로는 길랑- 바레 증후군의 사망률이 지나치게 과장되었다고 생각합니다.,transcripts/channels/McKinsey_&_Company/Agentic_AI_and_the_future_of_Global_Business_Services__LuHGabkzlGU.md
64,B,McKinsey & Company,Rewired To Win: Reimagining the Enterprise With Tech and AI,ok,20개 기업 중 1위는 평균적으로 EBITDA가 20% 증가한 기업입니다.,transcripts/channels/McKinsey_&_Company/Rewired_To_Win_Reimagining_the_Enterprise_With_Tech_and_AI__HoHFZ-Fzu_g.md
64,B,McKinsey & Company,Rewired To Win: Reimagining the Enterprise With Tech and AI,ok,투자하는 1달러당 평균 3달러의 수익을 올리고 있다는 것입니다,transcripts/channels/McKinsey_&_Company/Rewired_To_Win_Reimagining_the_Enterprise_With_Tech_and_AI__HoHFZ-Fzu_g.md
64,B,McKinsey & Company,Rewired To Win: Reimagining the Enterprise With Tech and AI,ok,CEO가 이것을 최우선 순위나 두 번째로 중요하게 여기지 않은 성공적인 사례는 단 하나도 없었습니다.,transcripts/channels/McKinsey_&_Company/Rewired_To_Win_Reimagining_the_Enterprise_With_Tech_and_AI__HoHFZ-Fzu_g.md
64,B,McKinsey & Company,Rewired To Win: Reimagining the Enterprise With Tech and AI,ok,이제는 이런 일을 기술 부서에 맡기고 좋은 결과가 나오기를 바라는 시대는 지났다고 생각합니다.,transcripts/channels/McKinsey_&_Company/Rewired_To_Win_Reimagining_the_Enterprise_With_Tech_and_AI__HoHFZ-Fzu_g.md
64,B,McKinsey & Company,Rewired To Win: Reimagining the Enterprise With Tech and AI,ok,인공지능 1.0 시대에 이러한 역량을 구축해 온 기업들이 그렇지 못한 기업들보다 인공지능 2.0 시대에 훨씬 더 큰 성공을 거두었다는 점일 것입니다,transcripts/channels/McKinsey_&_Company/Rewired_To_Win_Reimagining_the_Enterprise_With_Tech_and_AI__HoHFZ-Fzu_g.md
65,B,McKinsey & Company,Transforming R&D With AI: Breaking Barriers and Boosting Productivity,ok,순다르가 구글에서 새로 작성되는 코드의 30%가 이제 AI의 도움을 받아 생성된다고 공개적으로 발표했잖아요.,transcripts/channels/McKinsey_&_Company/Transforming_R&D_With_AI_Breaking_Barriers_and_Boosting_Prod__pNz4E6IX5K8.md
65,B,McKinsey & Company,Transforming R&D With AI: Breaking Barriers and Boosting Productivity,ok,"예를 들어, 저희는 터빈 제조업체와 협력하여 AI를 활용한 설계 최적화로 18개월 걸리던 프로세스를 11개월 단축했습니다",transcripts/channels/McKinsey_&_Company/Transforming_R&D_With_AI_Breaking_Barriers_and_Boosting_Prod__pNz4E6IX5K8.md
65,B,McKinsey & Company,Transforming R&D With AI: Breaking Barriers and Boosting Productivity,ok,"20년, 30년, 40년 전 인간 엔지니어에게 적합했던 단계별 게이트는 AI 시대에 맞춰 크게 바뀌어야 할 겁니다.",transcripts/channels/McKinsey_&_Company/Transforming_R&D_With_AI_Breaking_Barriers_and_Boosting_Prod__pNz4E6IX5K8.md
65,B,McKinsey & Company,Transforming R&D With AI: Breaking Barriers and Boosting Productivity,ok,"그리고 어떤 산업에 속해 있든, 데이터에 편향이 있을 수 있습니다.",transcripts/channels/McKinsey_&_Company/Transforming_R&D_With_AI_Breaking_Barriers_and_Boosting_Prod__pNz4E6IX5K8.md
65,B,McKinsey & Company,Transforming R&D With AI: Breaking Barriers and Boosting Productivity,ok,저는 개인적으로 오늘날 AI를 100% 신뢰하지 않습니다.,transcripts/channels/McKinsey_&_Company/Transforming_R&D_With_AI_Breaking_Barriers_and_Boosting_Prod__pNz4E6IX5K8.md
66,B,Microsoft Azure,Oracle AI Database@Azure Panel Discussion with MVPs,ok,"네, 이 제품은 출시된 지 2년이 되었고 현재 Azure의 33개 지역에서 서비스되고 있습니다",transcripts/channels/Microsoft_Azure/Oracle_AI_Database@Azure_Panel_Discussion_with_MVPs__bgx0TX45md8.md
66,B,Microsoft Azure,Oracle AI Database@Azure Panel Discussion with MVPs,ok,"아시다시피, KLM과 에어 프랑스는 오라클을 통해 핵심 워크로드를 이전했습니다. 성능이 13배 향상되었다고 합니다.",transcripts/channels/Microsoft_Azure/Oracle_AI_Database@Azure_Panel_Discussion_with_MVPs__bgx0TX45md8.md
66,B,Microsoft Azure,Oracle AI Database@Azure Panel Discussion with MVPs,ok,"오라클 시스템에 따르면, E-Business Suite 고객 중 약 8,000명이 아직 어떤 클라우드 서비스도 이용하지 않고 있습니다.",transcripts/channels/Microsoft_Azure/Oracle_AI_Database@Azure_Panel_Discussion_with_MVPs__bgx0TX45md8.md
66,B,Microsoft Azure,Oracle AI Database@Azure Panel Discussion with MVPs,ok,"네, 특히 데이터베이스의 경우, 한 제약 회사 고객은 5,000개의 데이터베이스를 운영하고 있습니다.",transcripts/channels/Microsoft_Azure/Oracle_AI_Database@Azure_Panel_Discussion_with_MVPs__bgx0TX45md8.md
66,B,Microsoft Azure,Oracle AI Database@Azure Panel Discussion with MVPs,ok,그렇다면 에이전트가 무엇을 보고 무엇을 볼 수 없는지에 대한 안전장치와 감사 가능성도 있어야 합니다.,transcripts/channels/Microsoft_Azure/Oracle_AI_Database@Azure_Panel_Discussion_with_MVPs__bgx0TX45md8.md
67,B,NVIDIA,Snap’s GPU-Accelerated Secret to Processing 10 Petabytes a Day | NVIDIA AI Podcast Ep. 298,ok,"특히 데이터 처리 측면에서, 저희 팀의 실험 플랫폼은 매일 10페타바이트 이상의 데이터를 처리하고 있습니다.",transcripts/channels/NVIDIA/Snap’s_GPU-Accelerated_Secret_to_Processing_10_Petabytes_a_D__glT-zO8B_qk.md
67,B,NVIDIA,Snap’s GPU-Accelerated Secret to Processing 10 Petabytes a Day | NVIDIA AI Podcast Ep. 298,ok,"그러니까, 그 말은 우리 주요 시장들이 잠자리에 들면, 새벽 1시부터 5시 사이에 온라인 추론용 GPU 용량의 상당 부분이 유휴 상태로 있다는 뜻이었죠.",transcripts/channels/NVIDIA/Snap’s_GPU-Accelerated_Secret_to_Processing_10_Petabytes_a_D__glT-zO8B_qk.md
67,B,NVIDIA,Snap’s GPU-Accelerated Secret to Processing 10 Petabytes a Day | NVIDIA AI Podcast Ep. 298,ok,인건비를 거의 76% 가까이 절감할 수 있었습니다,transcripts/channels/NVIDIA/Snap’s_GPU-Accelerated_Secret_to_Processing_10_Petabytes_a_D__glT-zO8B_qk.md
67,B,NVIDIA,Snap’s GPU-Accelerated Secret to Processing 10 Petabytes a Day | NVIDIA AI Podcast Ep. 298,ok,"저희는 실험, 안전, 그리고 개인정보 보호가 제품 개발 및 반복 작업의 핵심 기둥이라고 믿습니다.",transcripts/channels/NVIDIA/Snap’s_GPU-Accelerated_Secret_to_Processing_10_Petabytes_a_D__glT-zO8B_qk.md
67,B,NVIDIA,Snap’s GPU-Accelerated Secret to Processing 10 Petabytes a Day | NVIDIA AI Podcast Ep. 298,ok,편향이 어느 정도 스며들 수밖에 없어요,transcripts/channels/NVIDIA/Snap’s_GPU-Accelerated_Secret_to_Processing_10_Petabytes_a_D__glT-zO8B_qk.md
68,B,Oracle,Oracle at Gartner CSO: Demand More from Enterprise AI,ok,저는 여러분이 공급업체와 시스템에 더 많은 것을 요구하도록 격려하기 위해 이 자리에 섰습니다.,transcripts/channels/Oracle/Oracle_at_Gartner_CSO_Demand_More_from_Enterprise_AI__yhrBN_Ka-iA.md
68,B,Oracle,Oracle at Gartner CSO: Demand More from Enterprise AI,ok,제대로 정렬되지 않은 시스템에 AI를 얹는 것은 영업 담당자들이 신뢰하거나 활용하기 어려운 결과물을 내놓을 뿐입니다,transcripts/channels/Oracle/Oracle_at_Gartner_CSO_Demand_More_from_Enterprise_AI__yhrBN_Ka-iA.md
68,B,Oracle,Oracle at Gartner CSO: Demand More from Enterprise AI,ok,8년 전 CPQ 도입률이 33%였던 것을 생각해 보세요. 지금은 99%입니다.,transcripts/channels/Oracle/Oracle_at_Gartner_CSO_Demand_More_from_Enterprise_AI__yhrBN_Ka-iA.md
68,B,Oracle,Oracle at Gartner CSO: Demand More from Enterprise AI,ok,"덕분에 RFP 응답 시간을 약 50% 단축했을 뿐만 아니라, 더 많은 매출을 올리고 고객에게 더 빠르고 효율적으로 대응할 수 있게 되었습니다.",transcripts/channels/Oracle/Oracle_at_Gartner_CSO_Demand_More_from_Enterprise_AI__yhrBN_Ka-iA.md
68,B,Oracle,Oracle at Gartner CSO: Demand More from Enterprise AI,ok,제가 걱정하는 것은 사람들이 AI를 절대적인 진리로 받아들이는 것입니다.,transcripts/channels/Oracle/Oracle_at_Gartner_CSO_Demand_More_from_Enterprise_AI__yhrBN_Ka-iA.md
69,B,Pinecone,Vector Search in Retail ft. Jacob Zweig (Strong) and Mark Moyou (NVIDIA),ok,"looking for the difference between tuna in oil versus tuna in water, there's a very, very subtle difference in the way that they look",transcripts/channels/Pinecone/Vector_Search_in_Retail_ft._Jacob_Zweig_(Strong)_and_Mark_Mo__rVqNBYTpDLw.md
69,B,Pinecone,Vector Search in Retail ft. Jacob Zweig (Strong) and Mark Moyou (NVIDIA),ok,"you want to deploy that to be a real-world system, and you want to scale to millions of users every single day",transcripts/channels/Pinecone/Vector_Search_in_Retail_ft._Jacob_Zweig_(Strong)_and_Mark_Mo__rVqNBYTpDLw.md
69,B,Pinecone,Vector Search in Retail ft. Jacob Zweig (Strong) and Mark Moyou (NVIDIA),ok,the main benefit for a lot of machine learning teams that we see is really that standardization of the inference platform,transcripts/channels/Pinecone/Vector_Search_in_Retail_ft._Jacob_Zweig_(Strong)_and_Mark_Mo__rVqNBYTpDLw.md
69,B,Pinecone,Vector Search in Retail ft. Jacob Zweig (Strong) and Mark Moyou (NVIDIA),ok,standard keyword search still makes a lot of money,transcripts/channels/Pinecone/Vector_Search_in_Retail_ft._Jacob_Zweig_(Strong)_and_Mark_Mo__rVqNBYTpDLw.md
69,B,Pinecone,Vector Search in Retail ft. Jacob Zweig (Strong) and Mark Moyou (NVIDIA),ok,"So, curating data is critically important for any kind of retailer.",transcripts/channels/Pinecone/Vector_Search_in_Retail_ft._Jacob_Zweig_(Strong)_and_Mark_Mo__rVqNBYTpDLw.md
70,B,SAP,Customer Success Keynote: Connected to Win: From Moment to Momentum | SAP Sapphire Orlando 2026,ok,비용이 16% 감소할 것으로 예상합니다.,transcripts/channels/SAP/Customer_Success_Keynote_Connected_to_Win_From_Moment_to_Mom__WpDHkeHIezc.md
70,B,SAP,Customer Success Keynote: Connected to Win: From Moment to Momentum | SAP Sapphire Orlando 2026,ok,"네, 그래서 현재 저희는 회사 전체에 1,000명이 넘는 요원을 배치했습니다.",transcripts/channels/SAP/Customer_Success_Keynote_Connected_to_Win_From_Moment_to_Mom__WpDHkeHIezc.md
70,B,SAP,Customer Success Keynote: Connected to Win: From Moment to Momentum | SAP Sapphire Orlando 2026,ok,"저희는 회사에서 4,000명 이상의 직원에게 AI를 직접 활용하는 교육을 실시했습니다.",transcripts/channels/SAP/Customer_Success_Keynote_Connected_to_Win_From_Moment_to_Mom__WpDHkeHIezc.md
70,B,SAP,Customer Success Keynote: Connected to Win: From Moment to Momentum | SAP Sapphire Orlando 2026,ok,그래서 예전에는 주문 처리에 2~5일이 걸리는 경우도 있었습니다.,transcripts/channels/SAP/Customer_Success_Keynote_Connected_to_Win_From_Moment_to_Mom__WpDHkeHIezc.md
70,B,SAP,Customer Success Keynote: Connected to Win: From Moment to Momentum | SAP Sapphire Orlando 2026,ok,"AI는 강력한 조력자가 될 수 있지만, 진정한 가치를 창출하려면 기반에 내재되어야 하고 프로세스 소유자가 주도적으로 활용해야 합니다.",transcripts/channels/SAP/Customer_Success_Keynote_Connected_to_Win_From_Moment_to_Mom__WpDHkeHIezc.md
71,B,SAP,Customer Success Keynote: Connected to Win: From Moment to Momentum | SAP Sapphire Madrid 2026,ok,"첫째, 우리는 인공지능에 대해 도구 중심적인 접근 방식이 아닌 문제 중심적인 접근 방식을 의도적으로 취해왔습니다 .",transcripts/channels/SAP/Customer_Success_Keynote_Connected_to_Win_From_Moment_to_Mom__dG9aBkJCcso.md
71,B,SAP,Customer Success Keynote: Connected to Win: From Moment to Momentum | SAP Sapphire Madrid 2026,ok,인공지능을 확장하기 시작하면 더 이상 인공지능 문제가 아니라 데이터 문제가 되기 때문입니다.,transcripts/channels/SAP/Customer_Success_Keynote_Connected_to_Win_From_Moment_to_Mom__dG9aBkJCcso.md
71,B,SAP,Customer Success Keynote: Connected to Win: From Moment to Momentum | SAP Sapphire Madrid 2026,ok,"현재 트루파 컨설턴트를 이용하는 컨설턴트가 11,000명에 달합니다.",transcripts/channels/SAP/Customer_Success_Keynote_Connected_to_Win_From_Moment_to_Mom__dG9aBkJCcso.md
71,B,SAP,Customer Success Keynote: Connected to Win: From Moment to Momentum | SAP Sapphire Madrid 2026,ok,제 생각에는 미래 기업에 필요한 역량은 최신 기술을 도입하는 것이 아니라 지속적으로 변화하는 역량입니다.,transcripts/channels/SAP/Customer_Success_Keynote_Connected_to_Win_From_Moment_to_Mom__dG9aBkJCcso.md
71,B,SAP,Customer Success Keynote: Connected to Win: From Moment to Momentum | SAP Sapphire Madrid 2026,ok,"아시다시피, 현실적으로 지금은 변화 관리의 과제입니다.",transcripts/channels/SAP/Customer_Success_Keynote_Connected_to_Win_From_Moment_to_Mom__dG9aBkJCcso.md
72,B,SAP,Global Keynote: The Beginning of Better | SAP Sapphire Orlando 2026,ok,"AI 에이전트가 급여 지급, 재무 결산, 수요 및 공급망 계획을 담당하는 경우 80%의 정확도로는 충분하지 않습니다.",transcripts/channels/SAP/Global_Keynote_The_Beginning_of_Better_SAP_Sapphire_Orlando___9aa-etRsaLU.md
72,B,SAP,Global Keynote: The Beginning of Better | SAP Sapphire Orlando 2026,ok,인공지능 에이전트는 결함 있는 데이터 모델을 보완할 수 없기 때문입니다 .,transcripts/channels/SAP/Global_Keynote_The_Beginning_of_Better_SAP_Sapphire_Orlando___9aa-etRsaLU.md
72,B,SAP,Global Keynote: The Beginning of Better | SAP Sapphire Orlando 2026,ok,중요한 점은 우리가 개발한 에이전트들이 자체적인 비즈니스 규칙을 만들어내지 않는다는 것입니다.,transcripts/channels/SAP/Global_Keynote_The_Beginning_of_Better_SAP_Sapphire_Orlando___9aa-etRsaLU.md
72,B,SAP,Global Keynote: The Beginning of Better | SAP Sapphire Orlando 2026,ok,"하지만 기술 자체만으로, 그리고 기존 시스템 환경에 AI 에이전트를 통합하는 것만으로는 아무런 가치도 창출할 수 없습니다.",transcripts/channels/SAP/Global_Keynote_The_Beginning_of_Better_SAP_Sapphire_Orlando___9aa-etRsaLU.md
72,B,SAP,Global Keynote: The Beginning of Better | SAP Sapphire Orlando 2026,ok,SAP는 비즈니스 AI 기업으로 변모하고 있습니다.,transcripts/channels/SAP/Global_Keynote_The_Beginning_of_Better_SAP_Sapphire_Orlando___9aa-etRsaLU.md
73,B,Salesforce,Win More Sales: Salesforce Agentforce for Sales Productivity,ok,"우리가 깨달은 것은, 우리에게는 100명 정도의 영업 사원이 있었지만, 그중 약 80%는 회사에 아무런 사업적 가치를 창출하지 못하고 있다는 것이었습니다 .",transcripts/channels/Salesforce/Win_More_Sales_Salesforce_Agentforce_for_Sales_Productivity__fJxyv1bYJoc.md
73,B,Salesforce,Win More Sales: Salesforce Agentforce for Sales Productivity,ok,"실제로 우리 직원의 30%는 영업직이거나 영업 조직을 지원하는 역할을 맡고 있지만, 분석 결과 그들의 시간 중 76%는 고객과 직접 대면하지 않는 비판매 활동에 할애되고 있는 것으로 나타났습니다.",transcripts/channels/Salesforce/Win_More_Sales_Salesforce_Agentforce_for_Sales_Productivity__fJxyv1bYJoc.md
73,B,Salesforce,Win More Sales: Salesforce Agentforce for Sales Productivity,ok,에이전트를 출시하는 것은 기본적으로 새로운 직원을 고용하는 것과 유사합니다.,transcripts/channels/Salesforce/Win_More_Sales_Salesforce_Agentforce_for_Sales_Productivity__fJxyv1bYJoc.md
73,B,Salesforce,Win More Sales: Salesforce Agentforce for Sales Productivity,ok,평균 응답 시간은 14시간 30분이었습니다.,transcripts/channels/Salesforce/Win_More_Sales_Salesforce_Agentforce_for_Sales_Productivity__fJxyv1bYJoc.md
73,B,Salesforce,Win More Sales: Salesforce Agentforce for Sales Productivity,ok,"음, 또 하나 경고하고 싶은 점은 외부와 접촉하는 에이전트가 있다면, 그것이 어떻게 악용되거나 조작될 수 있는지에 대해 시간을 들여 생각해 봐야 한다는 것입니다 .",transcripts/channels/Salesforce/Win_More_Sales_Salesforce_Agentforce_for_Sales_Productivity__fJxyv1bYJoc.md
74,B,Siemens,"Siemens, Capgemini, EDP and Kraken on how AI will transform the energy sector",ok,"제가 다시 말씀드리고 싶은 것은, 이 분야는 준비는 되어 있지만, 아직 진정한 부가가치를 창출하는 일은 하고 있지 않다는 것입니다 .","transcripts/channels/Siemens/Siemens,_Capgemini,_EDP_and_Kraken_on_how_AI_will_transform___tolLHQWJzKY.md"
74,B,Siemens,"Siemens, Capgemini, EDP and Kraken on how AI will transform the energy sector",ok,"저희는 소프트웨어를 2년 반이나 2개월 , 2분 반이 아니라 2분 30초마다 업데이트합니다 .","transcripts/channels/Siemens/Siemens,_Capgemini,_EDP_and_Kraken_on_how_AI_will_transform___tolLHQWJzKY.md"
74,B,Siemens,"Siemens, Capgemini, EDP and Kraken on how AI will transform the energy sector",ok,"그리고 우리가 정확히 1년 전에 여기서 패널 토론을 했을 때 논의했듯이, 일반적인 배전 사업자는 현재 저전압 네트워크의 현실에 대해 30~40% 정도 의 지식만 가지고 있을 겁니다 .","transcripts/channels/Siemens/Siemens,_Capgemini,_EDP_and_Kraken_on_how_AI_will_transform___tolLHQWJzKY.md"
74,B,Siemens,"Siemens, Capgemini, EDP and Kraken on how AI will transform the energy sector",ok,데이터는 형편없고 인간의 문화는 변화하는 데 너무 오랜 시간이 걸린다 .,"transcripts/channels/Siemens/Siemens,_Capgemini,_EDP_and_Kraken_on_how_AI_will_transform___tolLHQWJzKY.md"
74,B,Siemens,"Siemens, Capgemini, EDP and Kraken on how AI will transform the energy sector",ok,저는 우리가 왜 인공지능을 사용해야 하는지에 대해서는 관심이 없습니다.,"transcripts/channels/Siemens/Siemens,_Capgemini,_EDP_and_Kraken_on_how_AI_will_transform___tolLHQWJzKY.md"
74,B,Siemens,"Siemens, Capgemini, EDP and Kraken on how AI will transform the energy sector",ok,성공 사례와 입증 자료를 확보하는 것이 다른 유틸리티 회사들이 이를 채택할 수 있는 유일한 방법입니다.,"transcripts/channels/Siemens/Siemens,_Capgemini,_EDP_and_Kraken_on_how_AI_will_transform___tolLHQWJzKY.md"
75,B,Snowflake,BUILD 2025 Opening Keynote: Building the Agentic AI Future,ok,Maybe the most important message is AI is happening today.,transcripts/channels/Snowflake/BUILD_2025_Opening_Keynote_Building_the_Agentic_AI_Future__MPLMS0736zI.md
75,B,Snowflake,BUILD 2025 Opening Keynote: Building the Agentic AI Future,ok,You may have heard many times from us at Snowflake say there is no AI strategy without a data strategy because AI in the enterprise only adds value if you can put it in the context of what your organization needs and to help you bring data together to help you tear down silos.,transcripts/channels/Snowflake/BUILD_2025_Opening_Keynote_Building_the_Agentic_AI_Future__MPLMS0736zI.md
75,B,Snowflake,BUILD 2025 Opening Keynote: Building the Agentic AI Future,ok,"And um and what I saw also because we had a unified data layer, the the the the answers we're getting, they were like 95 to 100% accurate.",transcripts/channels/Snowflake/BUILD_2025_Opening_Keynote_Building_the_Agentic_AI_Future__MPLMS0736zI.md
75,B,Snowflake,BUILD 2025 Opening Keynote: Building the Agentic AI Future,ok,But but that accuracy came because we had that unified data layer.,transcripts/channels/Snowflake/BUILD_2025_Opening_Keynote_Building_the_Agentic_AI_Future__MPLMS0736zI.md
75,B,Snowflake,BUILD 2025 Opening Keynote: Building the Agentic AI Future,ok,So what's next is more agents.,transcripts/channels/Snowflake/BUILD_2025_Opening_Keynote_Building_the_Agentic_AI_Future__MPLMS0736zI.md
76,B,Snowflake,Snowflake Summit 2026 Builder Keynote,ok,하지만 오늘날 진정한 장벽은 바로 우리 모두가 살고 있는 이 분열된 사회입니다.,transcripts/channels/Snowflake/Snowflake_Summit_2026_Builder_Keynote__WFR07HIvCrQ.md
76,B,Snowflake,Snowflake Summit 2026 Builder Keynote,ok,우리는 AI를 위한 거버넌스를 재구축할 필요가 없었습니다 .,transcripts/channels/Snowflake/Snowflake_Summit_2026_Builder_Keynote__WFR07HIvCrQ.md
76,B,Snowflake,Snowflake Summit 2026 Builder Keynote,ok,우리는 기존에 가지고 있던 통치 체계를 확장했습니다.,transcripts/channels/Snowflake/Snowflake_Summit_2026_Builder_Keynote__WFR07HIvCrQ.md
76,B,Snowflake,Snowflake Summit 2026 Builder Keynote,ok,ICE의 책임 있는 AI 원칙은 조직 전체에 걸쳐 AI가 개발되고 배포되는 방식을 규정합니다 .,transcripts/channels/Snowflake/Snowflake_Summit_2026_Builder_Keynote__WFR07HIvCrQ.md
76,B,Snowflake,Snowflake Summit 2026 Builder Keynote,ok,우리는 제어권을 희생하지 않고도 속도를 확보했습니다 .,transcripts/channels/Snowflake/Snowflake_Summit_2026_Builder_Keynote__WFR07HIvCrQ.md
76,B,Snowflake,Snowflake Summit 2026 Builder Keynote,ok,코코는 내 분석가 역할의 경계를 없애고 나를 다시 개발자로 만들어주었다 .,transcripts/channels/Snowflake/Snowflake_Summit_2026_Builder_Keynote__WFR07HIvCrQ.md
77,B,Telenor,Telco Tech Talks: How do we develop our people to meet the future?,ok,"MWC에 따르면 바르셀로나에 참가한 파트너사, 전시업체, 그리고 기업의 50% 이상이 통신 핵심 산업 외 기업이었다고 합니다.",transcripts/channels/Telenor/Telco_Tech_Talks_How_do_we_develop_our_people_to_meet_the_fu__fythNeXmXnM.md
77,B,Telenor,Telco Tech Talks: How do we develop our people to meet the future?,ok,저희는 실제로 소비자 비즈니스에서 CRM을 아예 없애는 방안을 검토하고 있습니다.,transcripts/channels/Telenor/Telco_Tech_Talks_How_do_we_develop_our_people_to_meet_the_fu__fythNeXmXnM.md
77,B,Telenor,Telco Tech Talks: How do we develop our people to meet the future?,ok,"하지만 4년 전, 저희는 2023년 말까지 터치리스 운영을 구현하겠다는 대담한 목표를 세웠습니다.",transcripts/channels/Telenor/Telco_Tech_Talks_How_do_we_develop_our_people_to_meet_the_fu__fythNeXmXnM.md
77,B,Telenor,Telco Tech Talks: How do we develop our people to meet the future?,ok,저희는 마치 미니 대학과 같은 디지털 캠퍼스를 운영하며 다양한 분야의 인재를 양성하고 있습니다.,transcripts/channels/Telenor/Telco_Tech_Talks_How_do_we_develop_our_people_to_meet_the_fu__fythNeXmXnM.md
77,B,Telenor,Telco Tech Talks: How do we develop our people to meet the future?,ok,우리는 실패를 용인하는 문화를 만들어야 합니다.,transcripts/channels/Telenor/Telco_Tech_Talks_How_do_we_develop_our_people_to_meet_the_fu__fythNeXmXnM.md
77,B,Telenor,Telco Tech Talks: How do we develop our people to meet the future?,ok,"이처럼 단순함의 힘과 더불어 AI, 머신러닝 등의 기술을 활용하여 고객의 삶을 단순화하는 방법을 배워야 합니다.",transcripts/channels/Telenor/Telco_Tech_Talks_How_do_we_develop_our_people_to_meet_the_fu__fythNeXmXnM.md
77,B,Telenor,Telco Tech Talks: How do we develop our people to meet the future?,ok,"우리 사업은 IIT(인도 IT 시스템)의 복잡성이 매우 높은데, 기술적인 관점에서 어떻게 준비해야 할까요?",transcripts/channels/Telenor/Telco_Tech_Talks_How_do_we_develop_our_people_to_meet_the_fu__fythNeXmXnM.md
78,B,Telenor,Telco Tech Talks: Why is Amazon so successful?,ok,"결국 클라우드 기술은 목적을 달성하기 위한 수단일 뿐이고, 궁극적으로는 조직을 혁신하는 것이라는 점입니다.",transcripts/channels/Telenor/Telco_Tech_Talks_Why_is_Amazon_so_successful__u-hbE8vRNw8.md
78,B,Telenor,Telco Tech Talks: Why is Amazon so successful?,ok,저는 이러한 리더십이 직원들에게 ' 플랜 B를 없애는 것'이라고 부릅니다.,transcripts/channels/Telenor/Telco_Tech_Talks_Why_is_Amazon_so_successful__u-hbE8vRNw8.md
78,B,Telenor,Telco Tech Talks: Why is Amazon so successful?,ok,하지만 ' 한 달 안에 50개의 애플리케이션을 이전하겠다'라는 목표를 세우고 성공한 팀들을 많이 봐왔습니다.,transcripts/channels/Telenor/Telco_Tech_Talks_Why_is_Amazon_so_successful__u-hbE8vRNw8.md
78,B,Telenor,Telco Tech Talks: Why is Amazon so successful?,ok,"왜냐하면 당신은 기본적으로 전체 가치 사슬을 스스로 통제하고, 이미 성공을 가져다준 것을 강화하는 데 익숙해져 있었기 때문입니다.",transcripts/channels/Telenor/Telco_Tech_Talks_Why_is_Amazon_so_successful__u-hbE8vRNw8.md
79,B,Unilever,CEO addresses Barclays Global Consumer Staples Conference 2025 | Unilever,ok,"각 국가별로 수익을 창출하는 매우 복잡한 매트릭스 조직 구조를 가지고 있지만, 중앙 조직은 카테고리 전략, 브랜드 혁신 등을 담당하는 매우 비대해진 조직입니다.",transcripts/channels/Unilever/CEO_addresses_Barclays_Global_Consumer_Staples_Conference_20__yxNDSJUzFm8.md
79,B,Unilever,CEO addresses Barclays Global Consumer Staples Conference 2025 | Unilever,ok,저희 조직의 책임성 측면에서 지난 18개월 동안 사무직 인력을 실제로 18% 감축했습니다.,transcripts/channels/Unilever/CEO_addresses_Barclays_Global_Consumer_Staples_Conference_20__yxNDSJUzFm8.md
79,B,Unilever,CEO addresses Barclays Global Consumer Staples Conference 2025 | Unilever,ok,우리는 유통 시스템을 획기적으로 디지털화해야 한다는 것도 알고 있습니다.,transcripts/channels/Unilever/CEO_addresses_Barclays_Global_Consumer_Staples_Conference_20__yxNDSJUzFm8.md
79,B,Unilever,CEO addresses Barclays Global Consumer Staples Conference 2025 | Unilever,ok,저희가 보유한 인프라를 활용하는 기업은 소규모 업체에 비해 잠재적인 경쟁 우위를 확보할 수 있다고 생각합니다.,transcripts/channels/Unilever/CEO_addresses_Barclays_Global_Consumer_Staples_Conference_20__yxNDSJUzFm8.md
80,B,Unilever,Consumer Analyst Group of New York Conference 2026 | Unilever,ok,우리는 현재 2년 전보다 35% 적은 인력으로 해당 사업 부문을 운영하고 있습니다,transcripts/channels/Unilever/Consumer_Analyst_Group_of_New_York_Conference_2026_Unilever__SXT5EV4VR-U.md
80,B,Unilever,Consumer Analyst Group of New York Conference 2026 | Unilever,ok,이는 콘텐츠 제작에 인공지능을 대규모로 도입할 때에만 가능합니다,transcripts/channels/Unilever/Consumer_Analyst_Group_of_New_York_Conference_2026_Unilever__SXT5EV4VR-U.md
80,B,Unilever,Consumer Analyst Group of New York Conference 2026 | Unilever,ok,오늘 저희는 구글과 중요한 전략적 파트너십을 발표했습니다,transcripts/channels/Unilever/Consumer_Analyst_Group_of_New_York_Conference_2026_Unilever__SXT5EV4VR-U.md
80,B,Unilever,Consumer Analyst Group of New York Conference 2026 | Unilever,ok,"우리는 실제로 공급망과 영업 사이에 전담 조직을 구축하고, 기술 기반의 에이전트 솔루션을 통해 실질적인 공급을 확보하고 수요를 포착하고 있습니다.",transcripts/channels/Unilever/Consumer_Analyst_Group_of_New_York_Conference_2026_Unilever__SXT5EV4VR-U.md
81,B,Unilever,Investor Event 2024 CEO Presentation | Unilever,ok,"이를 위해 AI 기반 역량을 갖춘 팀을 구성해야 하며, 그렇지 않으면 필요한 양의 콘텐츠를 제작할 수 없습니다.",transcripts/channels/Unilever/Investor_Event_2024_CEO_Presentation_Unilever__r_BOLVAd0Kw.md
81,B,Unilever,Investor Event 2024 CEO Presentation | Unilever,ok,"우리는 연구 개발 방식을 근본적으로 바꾸고 있으며, 실험실에서의 물리적 실험에서 AI 기반 예측 모델링 및 시뮬레이션으로 전환하고 있습니다.",transcripts/channels/Unilever/Investor_Event_2024_CEO_Presentation_Unilever__r_BOLVAd0Kw.md
81,B,Unilever,Investor Event 2024 CEO Presentation | Unilever,ok,"한때는 500개가 넘는 소규모 실험을 진행했지만, 이제는 더 적고, 더 크고, 더 나은, 더 큰 영향력을 가진 6가지 핵심 투자로 압축했습니다.",transcripts/channels/Unilever/Investor_Event_2024_CEO_Presentation_Unilever__r_BOLVAd0Kw.md
81,B,Unilever,Investor Event 2024 CEO Presentation | Unilever,ok,단 한 명의 운영자만 있으면 모니터링하고 제어 센터에서 제공하는 예측 정보를 활용할 수 있는 자율 시설을 상상해 보세요.,transcripts/channels/Unilever/Investor_Event_2024_CEO_Presentation_Unilever__r_BOLVAd0Kw.md
82,B,Unilever,Investor Event 2024 | Unilever,ok,"인공지능이란 무엇인가 일종의 제3의 물결 산업혁명 이후 생산성 혁명, 그리고 디지털",transcripts/channels/Unilever/Investor_Event_2024_Unilever__yuMA_iYdq4w.md
82,B,Unilever,Investor Event 2024 | Unilever,ok,AI를 요청하는 이유는 그렇지 않으면 경쟁에 참여할 수 있는 라이선스를 받지 못할 것입니다.,transcripts/channels/Unilever/Investor_Event_2024_Unilever__yuMA_iYdq4w.md
82,B,Unilever,Investor Event 2024 | Unilever,ok,투자는 실제로 100% 움직이는 것이 목표였습니다.,transcripts/channels/Unilever/Investor_Event_2024_Unilever__yuMA_iYdq4w.md
82,B,Unilever,Investor Event 2024 | Unilever,ok,우리 운영에 AI를 적용하는 것을 의미합니다.,transcripts/channels/Unilever/Investor_Event_2024_Unilever__yuMA_iYdq4w.md
83,B,Waymo,SXSW 2024 | Waymo’s Roadmap for a Multi-City AV Service,ok,분사 직후 우리가 내린 가장 중요한 결정 중 하나는 차량을 만들지 않기로 한 것이었습니다.,transcripts/channels/Waymo/SXSW_2024_Waymo’s_Roadmap_for_a_Multi-City_AV_Service__Qot1uX2g9jk.md
83,B,Waymo,SXSW 2024 | Waymo’s Roadmap for a Multi-City AV Service,ok,그리고 우리가 즉시 깨달은 것은 사람들이 기술의 실제 능력 이상으로 기술을 신뢰한다는 점입니다,transcripts/channels/Waymo/SXSW_2024_Waymo’s_Roadmap_for_a_Multi-City_AV_Service__Qot1uX2g9jk.md
83,B,Waymo,SXSW 2024 | Waymo’s Roadmap for a Multi-City AV Service,ok,"그 결과 인명 피해 청구는 100%, 재산 피해 청구는 76%나 줄었다는 사실을 알게 되었습니다",transcripts/channels/Waymo/SXSW_2024_Waymo’s_Roadmap_for_a_Multi-City_AV_Service__Qot1uX2g9jk.md
83,B,Waymo,SXSW 2024 | Waymo’s Roadmap for a Multi-City AV Service,ok,"네, 일자리가 사라질 거라는 건 사실이에요.",transcripts/channels/Waymo/SXSW_2024_Waymo’s_Roadmap_for_a_Multi-City_AV_Service__Qot1uX2g9jk.md
83,B,Waymo,SXSW 2024 | Waymo’s Roadmap for a Multi-City AV Service,ok,"저희는 그런 종류의 대화, 그러니까 트롤리 문제에 대한 대화는 하지 않습니다.",transcripts/channels/Waymo/SXSW_2024_Waymo’s_Roadmap_for_a_Multi-City_AV_Service__Qot1uX2g9jk.md
84,B,Weights & Biases,"AI, autonomy, and the future of naval warfare with Captain Jon Haase, United States Navy",ok,"단순히 추가 모듈을 장착하는 것이기 때문에 10% 정도의 변화라고 생각했지만, 실제로는 90%의 변화가 있었습니다.","transcripts/channels/Weights_&_Biases/AI,_autonomy,_and_the_future_of_naval_warfare_with_Captain_J__guxzPymyz-w.md"
84,B,Weights & Biases,"AI, autonomy, and the future of naval warfare with Captain Jon Haase, United States Navy",ok,"인간의 생명을 앗아가는 것은 너무나 중대한 일이기에, 앞으로 인간이 직접 개입하지 않고 인공지능이나 자율 시스템에 그 책임을 맡기는 것은 상상할 수 없습니다.","transcripts/channels/Weights_&_Biases/AI,_autonomy,_and_the_future_of_naval_warfare_with_Captain_J__guxzPymyz-w.md"
84,B,Weights & Biases,"AI, autonomy, and the future of naval warfare with Captain Jon Haase, United States Navy",ok,흥미롭게도 소프트웨어는 전쟁에서 승리한 적이 없습니다.,"transcripts/channels/Weights_&_Biases/AI,_autonomy,_and_the_future_of_naval_warfare_with_Captain_J__guxzPymyz-w.md"
84,B,Weights & Biases,"AI, autonomy, and the future of naval warfare with Captain Jon Haase, United States Navy",ok,"처음에는 도입 속도가 느렸는데, 문제는 제 팀원들이 AI를 업무에 활용하거나 업무 효율을 높이는 데 사용하는 것이 부정적으로 비춰질까 봐 걱정했다는 점입니다.","transcripts/channels/Weights_&_Biases/AI,_autonomy,_and_the_future_of_naval_warfare_with_Captain_J__guxzPymyz-w.md"
84,B,Weights & Biases,"AI, autonomy, and the future of naval warfare with Captain Jon Haase, United States Navy",ok,저희도 당신이 사용하는 것과 같은 도구를 사용하기 시작했을 뿐입니다,"transcripts/channels/Weights_&_Biases/AI,_autonomy,_and_the_future_of_naval_warfare_with_Captain_J__guxzPymyz-w.md"
85,B,Weights & Biases,"Are Humanoid Robots Actually Coming to Your Home? | Nikolaus, Rerun",ok,지금까지 데이터 모델을 아마 네 번 정도 재설계하신 셈이네요,"transcripts/channels/Weights_&_Biases/Are_Humanoid_Robots_Actually_Coming_to_Your_Home_Nikolaus,_R__vvvwWv5BK-s.md"
85,B,Weights & Biases,"Are Humanoid Robots Actually Coming to Your Home? | Nikolaus, Rerun",ok,기본적으로 그런 시스템이 작동하고 있긴 하지만 아직 대규모는 아닙니다.,"transcripts/channels/Weights_&_Biases/Are_Humanoid_Robots_Actually_Coming_to_Your_Home_Nikolaus,_R__vvvwWv5BK-s.md"
85,B,Weights & Biases,"Are Humanoid Robots Actually Coming to Your Home? | Nikolaus, Rerun",ok,"로봇 기술은 아직 완전한 제품 수준에 도달하지 못했지만, 일부 기업들이 가정용 로봇을 출시하기 시작하는 것은 고무적인 일입니다.","transcripts/channels/Weights_&_Biases/Are_Humanoid_Robots_Actually_Coming_to_Your_Home_Nikolaus,_R__vvvwWv5BK-s.md"
85,B,Weights & Biases,"Are Humanoid Robots Actually Coming to Your Home? | Nikolaus, Rerun",ok,실제 문제를 해결하는 방법 중 하나는 하드웨어를 공동으로 설계하고 개발하는 것입니다.,"transcripts/channels/Weights_&_Biases/Are_Humanoid_Robots_Actually_Coming_to_Your_Home_Nikolaus,_R__vvvwWv5BK-s.md"
85,B,Weights & Biases,"Are Humanoid Robots Actually Coming to Your Home? | Nikolaus, Rerun",ok,그러니까 이 모든 데이터 형식은 머신 러닝 이전 시대를 위해 만들어진 것입니다.,"transcripts/channels/Weights_&_Biases/Are_Humanoid_Robots_Actually_Coming_to_Your_Home_Nikolaus,_R__vvvwWv5BK-s.md"
86,B,Weights & Biases,"Deepseek, Stargate and AI’s $600 billion question with Sequoia Capital’s David Cahn",ok,마치 우리가 AI 수익으로 갚아야 하는 부채와 같습니다.,"transcripts/channels/Weights_&_Biases/Deepseek,_Stargate_and_AI’s_$600_billion_question_with_Sequo__2Bpf7lOfYiA.md"
86,B,Weights & Biases,"Deepseek, Stargate and AI’s $600 billion question with Sequoia Capital’s David Cahn",ok,이러한 데이터 센터에 투자되는 자금은 지난 10년간 구축해 온 매우 수익성 높은 사업에서 얻은 기존 이익에서 나오고 있습니다.,"transcripts/channels/Weights_&_Biases/Deepseek,_Stargate_and_AI’s_$600_billion_question_with_Sequo__2Bpf7lOfYiA.md"
86,B,Weights & Biases,"Deepseek, Stargate and AI’s $600 billion question with Sequoia Capital’s David Cahn",ok,딥시크는 데이터 센터에 수천억 달러를 투자할 필요가 없을지도 모른다는 아이디어입니다.,"transcripts/channels/Weights_&_Biases/Deepseek,_Stargate_and_AI’s_$600_billion_question_with_Sequo__2Bpf7lOfYiA.md"
86,B,Weights & Biases,"Deepseek, Stargate and AI’s $600 billion question with Sequoia Capital’s David Cahn",ok,따라서 모두가 경쟁하기 위해 투자를 해야 한다는 인식이 있습니다.,"transcripts/channels/Weights_&_Biases/Deepseek,_Stargate_and_AI’s_$600_billion_question_with_Sequo__2Bpf7lOfYiA.md"
86,B,Weights & Biases,"Deepseek, Stargate and AI’s $600 billion question with Sequoia Capital’s David Cahn",ok,"앞으로 이러한 추세가 더욱 확산될 것이라고 생각하며, 이는 장기적으로 엄청난 생산성 및 매출 증대를 가져올 것입니다.","transcripts/channels/Weights_&_Biases/Deepseek,_Stargate_and_AI’s_$600_billion_question_with_Sequo__2Bpf7lOfYiA.md"
87,B,Weights & Biases,LLMOps in action: Streamlining the path from prototype to production,ok,easy to demo hard to productionize,transcripts/channels/Weights_&_Biases/LLMOps_in_action_Streamlining_the_path_from_prototype_to_pro__E1DTsgbZPhw.md
87,B,Weights & Biases,LLMOps in action: Streamlining the path from prototype to production,ok,it's all about just having something in place that culturally you can agree on,transcripts/channels/Weights_&_Biases/LLMOps_in_action_Streamlining_the_path_from_prototype_to_pro__E1DTsgbZPhw.md
87,B,Weights & Biases,LLMOps in action: Streamlining the path from prototype to production,ok,a cultural belief within the organization that this is how we go about things,transcripts/channels/Weights_&_Biases/LLMOps_in_action_Streamlining_the_path_from_prototype_to_pro__E1DTsgbZPhw.md
87,B,Weights & Biases,LLMOps in action: Streamlining the path from prototype to production,ok,what we're seeing at the moment is most organizations are at this eyeballing phase where they,transcripts/channels/Weights_&_Biases/LLMOps_in_action_Streamlining_the_path_from_prototype_to_pro__E1DTsgbZPhw.md
87,B,Weights & Biases,LLMOps in action: Streamlining the path from prototype to production,ok,it's really the culture that glues everything together,transcripts/channels/Weights_&_Biases/LLMOps_in_action_Streamlining_the_path_from_prototype_to_pro__E1DTsgbZPhw.md
88,B,Weights & Biases,Snowflake’s CEO Sridhar Ramaswamy on 700+ LLM enterprise use cases,ok,"프랭크 마셜의 비유를 빌리자면, AI 전담팀, 데이터 엔지니어링 전담팀이 있습니다. 저는 전체적인 관점에서 함께 일하는 문화를 더욱 강조하고 있습니다.",transcripts/channels/Weights_&_Biases/Snowflake’s_CEO_Sridhar_Ramaswamy_on_700+_LLM_enterprise_use__WUJIrkb3sow.md
88,B,Weights & Biases,Snowflake’s CEO Sridhar Ramaswamy on 700+ LLM enterprise use cases,ok,가장 큰 변화는 스노우플레이크가 '다른 회사보다 10년이나 5 년 앞서 있는 제품을 가지고 있다'는 생각에서 벗어나,transcripts/channels/Weights_&_Biases/Snowflake’s_CEO_Sridhar_Ramaswamy_on_700+_LLM_enterprise_use__WUJIrkb3sow.md
88,B,Weights & Biases,Snowflake’s CEO Sridhar Ramaswamy on 700+ LLM enterprise use cases,ok,"2023년에도 마찬가지로, 기초 모델의 작동 방식, 수정 방법, 변경 방법에 대한 전문 지식은 모든 진지한 데이터 기업에 필수적인 기본 기술이라고 생각합니다.",transcripts/channels/Weights_&_Biases/Snowflake’s_CEO_Sridhar_Ramaswamy_on_700+_LLM_enterprise_use__WUJIrkb3sow.md
88,B,Weights & Biases,Snowflake’s CEO Sridhar Ramaswamy on 700+ LLM enterprise use cases,ok,"수백 개의 애플리케이션이 운영 중이고, 천 개가 넘는 애플리케이션이 구현 중입니다.",transcripts/channels/Weights_&_Biases/Snowflake’s_CEO_Sridhar_Ramaswamy_on_700+_LLM_enterprise_use__WUJIrkb3sow.md
88,B,Weights & Biases,Snowflake’s CEO Sridhar Ramaswamy on 700+ LLM enterprise use cases,ok,의료 서비스 제공업체인 Elance는 챗봇을 사용하여 플랜에 대한 질문에 답변하고 있습니다.,transcripts/channels/Weights_&_Biases/Snowflake’s_CEO_Sridhar_Ramaswamy_on_700+_LLM_enterprise_use__WUJIrkb3sow.md
88,B,Weights & Biases,Snowflake’s CEO Sridhar Ramaswamy on 700+ LLM enterprise use cases,ok,프로젝트는 시작부터 완료까지 3개월에서 6개월이 걸립니다.,transcripts/channels/Weights_&_Biases/Snowflake’s_CEO_Sridhar_Ramaswamy_on_700+_LLM_enterprise_use__WUJIrkb3sow.md
89,B,Weights & Biases,The $2B Company Cutting AI Costs By 60% | Tuhin Srivastava,ok,저희는 2000년과 2022년 사이에 1 년 만에 4개 제품 중 3개를 단종시켰습니다.,transcripts/channels/Weights_&_Biases/The_$2B_Company_Cutting_AI_Costs_By_60%_Tuhin_Srivastava__QJUsxm1Nmos.md
89,B,Weights & Biases,The $2B Company Cutting AI Costs By 60% | Tuhin Srivastava,ok,"음, 보세요, 저희는 지금 110명이에요. 저희는 다음 주에 회사 워크숍이 있어요. 음, 저희는 6 개월마다 그렇게 합니다.",transcripts/channels/Weights_&_Biases/The_$2B_Company_Cutting_AI_Costs_By_60%_Tuhin_Srivastava__QJUsxm1Nmos.md
89,B,Weights & Biases,The $2B Company Cutting AI Costs By 60% | Tuhin Srivastava,ok,저희는 99.999%의 높은 가용성을 자랑스럽게 생각합니다.,transcripts/channels/Weights_&_Biases/The_$2B_Company_Cutting_AI_Costs_By_60%_Tuhin_Srivastava__QJUsxm1Nmos.md
89,B,Weights & Biases,The $2B Company Cutting AI Costs By 60% | Tuhin Srivastava,ok,다시 쓰는 것은 업무의 일부입니다.,transcripts/channels/Weights_&_Biases/The_$2B_Company_Cutting_AI_Costs_By_60%_Tuhin_Srivastava__QJUsxm1Nmos.md
89,B,Weights & Biases,The $2B Company Cutting AI Costs By 60% | Tuhin Srivastava,ok,사람들이 폐쇄적인 환경에서 개방적인 환경으로 옮겨가는 이유가 바로 이것입니다,transcripts/channels/Weights_&_Biases/The_$2B_Company_Cutting_AI_Costs_By_60%_Tuhin_Srivastava__QJUsxm1Nmos.md
90,B,Weights & Biases,The Startup Powering The Data Behind AGI,ok,we're over a billion last year,transcripts/channels/Weights_&_Biases/The_Startup_Powering_The_Data_Behind_AGI__X39OZndIWSY.md
90,B,Weights & Biases,The Startup Powering The Data Behind AGI,ok,So we're a little over 100 people.,transcripts/channels/Weights_&_Biases/The_Startup_Powering_The_Data_Behind_AGI__X39OZndIWSY.md
90,B,Weights & Biases,The Startup Powering The Data Behind AGI,ok,quality control actually is incredibly difficult,transcripts/channels/Weights_&_Biases/The_Startup_Powering_The_Data_Behind_AGI__X39OZndIWSY.md
90,B,Weights & Biases,The Startup Powering The Data Behind AGI,ok,trying to generate revenue. We're trying to generate data that will help AGI,transcripts/channels/Weights_&_Biases/The_Startup_Powering_The_Data_Behind_AGI__X39OZndIWSY.md
90,B,Weights & Biases,The Startup Powering The Data Behind AGI,ok,simply to make your model responses a lot longer and like doubled the number of emojis that you have,transcripts/channels/Weights_&_Biases/The_Startup_Powering_The_Data_Behind_AGI__X39OZndIWSY.md
91,B,Weights & Biases,"Why Anthropic, Meta, and Tesla All Chose the Same Database | Aaron Katz, ClickHouse",ok,"당시에는 사업 계획서도, 제품도, 고객도, 매출도 없었거든요.","transcripts/channels/Weights_&_Biases/Why_Anthropic,_Meta,_and_Tesla_All_Chose_the_Same_Database_A__b7fGSA9mVYI.md"
91,B,Weights & Biases,"Why Anthropic, Meta, and Tesla All Chose the Same Database | Aaron Katz, ClickHouse",ok,그래서 저는 알렉세이와 팀원들을 설득하여 모스크바에서 암스테르담으로 이사하도록 했습니다.,"transcripts/channels/Weights_&_Biases/Why_Anthropic,_Meta,_and_Tesla_All_Chose_the_Same_Database_A__b7fGSA9mVYI.md"
91,B,Weights & Biases,"Why Anthropic, Meta, and Tesla All Chose the Same Database | Aaron Katz, ClickHouse",ok,"예를 들어, 제가 회사 수익보다 Datadog에 더 많은 돈을 쓴 적도 있었어요.","transcripts/channels/Weights_&_Biases/Why_Anthropic,_Meta,_and_Tesla_All_Chose_the_Same_Database_A__b7fGSA9mVYI.md"
91,B,Weights & Biases,"Why Anthropic, Meta, and Tesla All Chose the Same Database | Aaron Katz, ClickHouse",ok,마치 회사 내에서 반란이 일어난 것 같았어요.,"transcripts/channels/Weights_&_Biases/Why_Anthropic,_Meta,_and_Tesla_All_Chose_the_Same_Database_A__b7fGSA9mVYI.md"
91,B,Weights & Biases,"Why Anthropic, Meta, and Tesla All Chose the Same Database | Aaron Katz, ClickHouse",ok,"우리는 올해를 1,000명에 더 가깝게 마무리할 것입니다.","transcripts/channels/Weights_&_Biases/Why_Anthropic,_Meta,_and_Tesla_All_Chose_the_Same_Database_A__b7fGSA9mVYI.md"
91,B,Weights & Biases,"Why Anthropic, Meta, and Tesla All Chose the Same Database | Aaron Katz, ClickHouse",ok,일반적으로 코드베이스에 포함되는 코드는 사람의 검토를 거칩니다.,"transcripts/channels/Weights_&_Biases/Why_Anthropic,_Meta,_and_Tesla_All_Chose_the_Same_Database_A__b7fGSA9mVYI.md"
91,B,Weights & Biases,"Why Anthropic, Meta, and Tesla All Chose the Same Database | Aaron Katz, ClickHouse",ok,"그래서 만약 현재 그 수치가 50%라면, 6개월 안에 80%가 될 것으로 예상합니다.","transcripts/channels/Weights_&_Biases/Why_Anthropic,_Meta,_and_Tesla_All_Chose_the_Same_Database_A__b7fGSA9mVYI.md"
92,B,Zapier,Steal Zapier's AI Playbook for Accounting: How 8 People Run a $5B Operation,ok,"여기서 보시게 될 모든 것은 이 통화에 참여한 사람들이 만든 것입니다. 중앙 집중식 IT 팀도 아니고, 엔지니어 집단도 아닌, 회계 팀에서 실제로 업무를 수행하는 사람들입니다",transcripts/channels/Zapier/Steal_Zapier's_AI_Playbook_for_Accounting_How_8_People_Run_a__CxrrXKFn6cg.md
92,B,Zapier,Steal Zapier's AI Playbook for Accounting: How 8 People Run a $5B Operation,ok,"저희 회계팀은 현재 이메일 수신함, 월말 결산, 매입채무, 규정 준수 등 다양한 업무를 처리하는 150개 이상의 자동화 시스템과 에이전트를 운영하고 있습니다.",transcripts/channels/Zapier/Steal_Zapier's_AI_Playbook_for_Accounting_How_8_People_Run_a__CxrrXKFn6cg.md
92,B,Zapier,Steal Zapier's AI Playbook for Accounting: How 8 People Run a $5B Operation,ok,이러한 자동화를 통해 달성한 결과 중 하나는 월말 결산 기간이 25% 단축되었다는 것입니다.,transcripts/channels/Zapier/Steal_Zapier's_AI_Playbook_for_Accounting_How_8_People_Run_a__CxrrXKFn6cg.md
92,B,Zapier,Steal Zapier's AI Playbook for Accounting: How 8 People Run a $5B Operation,ok,"그 결과, 회계 전표 검토 시간이 약 12시간에서 2시간 미만으로 단축되었으며, 모든 알림은 규정 준수를 위해 Zapier 테이블에 저장됩니다.",transcripts/channels/Zapier/Steal_Zapier's_AI_Playbook_for_Accounting_How_8_People_Run_a__CxrrXKFn6cg.md
92,B,Zapier,Steal Zapier's AI Playbook for Accounting: How 8 People Run a $5B Operation,ok,저희는 회계와 관련된 어떤 사안에 대해서도 인간의 승인 절차 없이 인공지능이 최종 결정을 내리도록 허용하지 않습니다.,transcripts/channels/Zapier/Steal_Zapier's_AI_Playbook_for_Accounting_How_8_People_Run_a__CxrrXKFn6cg.md
93,B,Zapier,The Executive Blueprint for Responsible AI Governance: Practical Strategies for Leaders Responsible,ok,경영진의 85%가 2026년에 AI 관련 지출을 늘릴 계획이라고 답했습니다.,transcripts/channels/Zapier/The_Executive_Blueprint_for_Responsible_AI_Governance_Practi__-Y22OVH2w1o.md
93,B,Zapier,The Executive Blueprint for Responsible AI Governance: Practical Strategies for Leaders Responsible,ok,저희 조사 결과에 따르면 기업 리더 중 단 4%만이 올해 AI 거버넌스를 완전히 달성할 것으로 예상되었습니다.,transcripts/channels/Zapier/The_Executive_Blueprint_for_Responsible_AI_Governance_Practi__-Y22OVH2w1o.md
93,B,Zapier,The Executive Blueprint for Responsible AI Governance: Practical Strategies for Leaders Responsible,ok,가장 위험한 오해는 최첨단 모델을 처음부터 구축하는 것이 아니기 때문에 AI 감독 대상에서 제외된다고 믿는 것입니다.,transcripts/channels/Zapier/The_Executive_Blueprint_for_Responsible_AI_Governance_Practi__-Y22OVH2w1o.md
93,B,Zapier,The Executive Blueprint for Responsible AI Governance: Practical Strategies for Leaders Responsible,ok,"내부적으로는 문이 아닌 안전 난간을 설치하는 방식을 채택하고 있으며, 단계별 승인 시스템을 운영하고 있습니다.",transcripts/channels/Zapier/The_Executive_Blueprint_for_Responsible_AI_Governance_Practi__-Y22OVH2w1o.md
93,B,Zapier,The Executive Blueprint for Responsible AI Governance: Practical Strategies for Leaders Responsible,ok,"AI는 기존 데이터 관리 방식을 확장하지만, 탄탄한 기반이 없다면 AI는 단순히 자동화를 통해 규정 준수 부담을 가속화할 뿐입니다.",transcripts/channels/Zapier/The_Executive_Blueprint_for_Responsible_AI_Governance_Practi__-Y22OVH2w1o.md
94,B,Zapier,Zapier AI Showcase: 50 Million Tasks Delegated (The Best Use Cases),ok,고객님과 같은 약 40만 명의 고객이 AI와 Zapier를 사용하여 5천만 건 이상의 작업을 위임했습니다.,transcripts/channels/Zapier/Zapier_AI_Showcase_50_Million_Tasks_Delegated_(The_Best_Use___pGjirCLK9qE.md
94,B,Zapier,Zapier AI Showcase: 50 Million Tasks Delegated (The Best Use Cases),ok,저희 Zapier 또한 AI를 활용하여 운영 방식을 혁신했습니다,transcripts/channels/Zapier/Zapier_AI_Showcase_50_Million_Tasks_Delegated_(The_Best_Use___pGjirCLK9qE.md
94,B,Zapier,Zapier AI Showcase: 50 Million Tasks Delegated (The Best Use Cases),ok,현재까지 92개 고객 계정에 챗봇을 구현했습니다,transcripts/channels/Zapier/Zapier_AI_Showcase_50_Million_Tasks_Delegated_(The_Best_Use___pGjirCLK9qE.md
94,B,Zapier,Zapier AI Showcase: 50 Million Tasks Delegated (The Best Use Cases),ok,"챗봇 도입 첫 해에 해당 고객사의 전체 예약 건수 중 30%가 챗봇을 통해 이루어졌으며, 이를 통해 13만 4천 달러 이상의 매출을 올렸습니다.",transcripts/channels/Zapier/Zapier_AI_Showcase_50_Million_Tasks_Delegated_(The_Best_Use___pGjirCLK9qE.md
95,B,[EN] VlogMe AI,"The Business Impact of AI Agents: Use Cases, ROI, and Future-Proofing Your Enterprise",ok,I see some interest in specific industry applications.,"transcripts/2026-08-03/The_Business_Impact_of_AI_Agents_Use_Cases,_ROI,_and_Future-__vfQpQ2PwoEQ.md"
95,B,[EN] VlogMe AI,"The Business Impact of AI Agents: Use Cases, ROI, and Future-Proofing Your Enterprise",ok,Companies that have implemented AI agents report up to a 30% reduction in operational costs and significant improvements in customer retention rates.,"transcripts/2026-08-03/The_Business_Impact_of_AI_Agents_Use_Cases,_ROI,_and_Future-__vfQpQ2PwoEQ.md"
95,B,[EN] VlogMe AI,"The Business Impact of AI Agents: Use Cases, ROI, and Future-Proofing Your Enterprise",ok,"Many organizations report reductions of up to 50 in handling time, which directly translates to cost cost savings.","transcripts/2026-08-03/The_Business_Impact_of_AI_Agents_Use_Cases,_ROI,_and_Future-__vfQpQ2PwoEQ.md"
95,B,[EN] VlogMe AI,"The Business Impact of AI Agents: Use Cases, ROI, and Future-Proofing Your Enterprise",ok,My clear take is that addressing ethical considerations is not just a compliance issue.,"transcripts/2026-08-03/The_Business_Impact_of_AI_Agents_Use_Cases,_ROI,_and_Future-__vfQpQ2PwoEQ.md"
96,B,메타코드M,26 Years of Survival Keyword AX (Great AI Transformation): We’ll Tell You Everything in Just One ...,ok,AI 전환의 본질은 재설계다라는 말씀을 드릴 수 있습니다.,transcripts/2026-07-18/26_Years_of_Survival_Keyword_AX_(Great_AI_Transformation)_We__VRYJJJBqsDE.md
96,B,메타코드M,26 Years of Survival Keyword AX (Great AI Transformation): We’ll Tell You Everything in Just One ...,ok,어댑션 is not e펙트라는 말처럼 도입과 성과는 다르다.,transcripts/2026-07-18/26_Years_of_Survival_Keyword_AX_(Great_AI_Transformation)_We__VRYJJJBqsDE.md
96,B,메타코드M,26 Years of Survival Keyword AX (Great AI Transformation): We’ll Tell You Everything in Just One ...,ok,기업의 AI 투자를 하는 총액이 굉장히 생선 AI 집중적으로 크고 하지만 PNL 그니까 경의 손익 관련해 가지고는 재무가들을내는 부분이 5% 미만입니다.,transcripts/2026-07-18/26_Years_of_Survival_Keyword_AX_(Great_AI_Transformation)_We__VRYJJJBqsDE.md
96,B,메타코드M,26 Years of Survival Keyword AX (Great AI Transformation): We’ll Tell You Everything in Just One ...,ok,이 제약 회사가 어 AI를 무려 750개의 종류로 만들었어요.,transcripts/2026-07-18/26_Years_of_Survival_Keyword_AX_(Great_AI_Transformation)_We__VRYJJJBqsDE.md
96,B,메타코드M,26 Years of Survival Keyword AX (Great AI Transformation): We’ll Tell You Everything in Just One ...,ok,기업은 자사 AI 도구의 결과 책임이 있다라는 포인트인데요.,transcripts/2026-07-18/26_Years_of_Survival_Keyword_AX_(Great_AI_Transformation)_We__VRYJJJBqsDE.md
97,B,티타임즈TV,현장에서 AI 트랜스포메이션 이끌면서 배운 것 (황재선 SK 부사장),ok,저는 목표할 수 있는 수치를 한 10열배 정도는 보고 있습니다.,transcripts/2026-07-23/현장에서_AI_트랜스포메이션_이끌면서_배운_것_(황재선_SK_부사장)__b-tgY8Q0SbA.md
97,B,티타임즈TV,현장에서 AI 트랜스포메이션 이끌면서 배운 것 (황재선 SK 부사장),ok,그 1955년에 포춘 500대 기업 중에서 2024년까지 생존해 있는 기업은 52개입니다.,transcripts/2026-07-23/현장에서_AI_트랜스포메이션_이끌면서_배운_것_(황재선_SK_부사장)__b-tgY8Q0SbA.md
97,B,티타임즈TV,현장에서 AI 트랜스포메이션 이끌면서 배운 것 (황재선 SK 부사장),ok,저희는 여기에 생성 AI 도입한 거예요.,transcripts/2026-07-23/현장에서_AI_트랜스포메이션_이끌면서_배운_것_(황재선_SK_부사장)__b-tgY8Q0SbA.md
97,B,티타임즈TV,현장에서 AI 트랜스포메이션 이끌면서 배운 것 (황재선 SK 부사장),ok,AI로 트랜스포메이션 한다라는 거는 IT 조직이 AI 과제 한두 개 실행한다고 끝나는게 아니고 조직이 체제로 완전 바뀌어야 됩니다.,transcripts/2026-07-23/현장에서_AI_트랜스포메이션_이끌면서_배운_것_(황재선_SK_부사장)__b-tgY8Q0SbA.md
97,B,티타임즈TV,현장에서 AI 트랜스포메이션 이끌면서 배운 것 (황재선 SK 부사장),ok,그리고 또 하나계해야 되는 건 어떠한 AI 서비스를 우리가 도입해서 쓰는게 AX 하는 건 아닙니다.,transcripts/2026-07-23/현장에서_AI_트랜스포메이션_이끌면서_배운_것_(황재선_SK_부사장)__b-tgY8Q0SbA.md
98,B,"헬로티_매일 만나는 산업, IT News","AI 도입의 격차, 상위 5% 기업의 AI 활용 전략 - 마이크로소프트 백인송 이사 [AI TECH 2026] 오프닝 세션",ok,제품 소개를 드리려고 온 건 아니에요.,"transcripts/2026-07-29/AI_도입의_격차,_상위_5%_기업의_AI_활용_전략_-_마이크로소프트_백인송_이사_[AI_TECH_2026__p9Tj9ctxMr8.md"
98,B,"헬로티_매일 만나는 산업, IT News","AI 도입의 격차, 상위 5% 기업의 AI 활용 전략 - 마이크로소프트 백인송 이사 [AI TECH 2026] 오프닝 세션",ok,단도입적으로 컴퓨터 사이언스 쪽 측면에서는 이미 94% 정도는 이론적으로 AI가 다 대체가 가능하다고 해요.,"transcripts/2026-07-29/AI_도입의_격차,_상위_5%_기업의_AI_활용_전략_-_마이크로소프트_백인송_이사_[AI_TECH_2026__p9Tj9ctxMr8.md"
98,B,"헬로티_매일 만나는 산업, IT News","AI 도입의 격차, 상위 5% 기업의 AI 활용 전략 - 마이크로소프트 백인송 이사 [AI TECH 2026] 오프닝 세션",ok,2주 전에 마이로소프트에서 전 세계의 어 직원들 대상으로 이제 처음으로 50년 만에 그 희망 퇴직을 선언을 했어요.,"transcripts/2026-07-29/AI_도입의_격차,_상위_5%_기업의_AI_활용_전략_-_마이크로소프트_백인송_이사_[AI_TECH_2026__p9Tj9ctxMr8.md"
98,B,"헬로티_매일 만나는 산업, IT News","AI 도입의 격차, 상위 5% 기업의 AI 활용 전략 - 마이크로소프트 백인송 이사 [AI TECH 2026] 오프닝 세션",ok,디 워커플레이스를 잘 구축한 다음에 얹어야지 그 역할을 100% 활용할 수 있다는 거거든요.,"transcripts/2026-07-29/AI_도입의_격차,_상위_5%_기업의_AI_활용_전략_-_마이크로소프트_백인송_이사_[AI_TECH_2026__p9Tj9ctxMr8.md"
98,B,"헬로티_매일 만나는 산업, IT News","AI 도입의 격차, 상위 5% 기업의 AI 활용 전략 - 마이크로소프트 백인송 이사 [AI TECH 2026] 오프닝 세션",ok,AI 같은 그런 도구들을 도입하시고도 그 장난감처럼 쓰시는 기업들 되게 많으세요.,"transcripts/2026-07-29/AI_도입의_격차,_상위_5%_기업의_AI_활용_전략_-_마이크로소프트_백인송_이사_[AI_TECH_2026__p9Tj9ctxMr8.md"
